Lattice Timing Report -  Setup  and Hold, Version Radiant Software (64-bit) 2026.1.0.37.0

Sun Sep  6 02:28:51 2026

Copyright (c) 1991-1994 by NeoCAD Inc. All rights reserved.
Copyright (c) 1995 AT&T Corp.   All rights reserved.
Copyright (c) 1995-2001 Lucent Technologies Inc.  All rights reserved.
Copyright (c) 2001 Agere Systems   All rights reserved.
Copyright (c) 2002-2026 Lattice Semiconductor Corporation,  All rights reserved.

Command line:    timing -sethld -v 10 -u 10 -endpoints 10 -nperend 1 -sp High-Performance_1.2V -hsp m -pwrprd -html -rpt lab1_ei_impl_1.twr lab1_ei_impl_1.udb -gui -msgset C:/Users/eing/Documents/GitHub/e155-lab1/fpga/lab1_ei/promote.xml

-----------------------------------------
Design:          lab1_ei
Family:          iCE40UP
Device:          iCE40UP5K
Package:         SG48
Performance:     High-Performance_1.2V
Package Status:                     Preliminary    Version 1.5
**Performance Hardware Data Status :   Advanced Version 1.0
-----------------------------------------


=====================================================================
                    Table of Contents
=====================================================================
    1  Timing Overview
        1.1  SDC Constraints
        1.2  Constraint Coverage
        1.3  Overall Summary
        1.4  Unconstrained Report
        1.5  Combinational Loop
    2  Setup at Speed Grade High-Performance_1.2V Corner at 100 Degrees
        2.1  Clock Summary
        2.2  Endpoint slacks
        2.3  Detailed Report
    3  Hold at Speed Grade m Corner at -40 Degrees
        3.1  Endpoint slacks
        3.2  Detailed Report

=====================================================================
                    End of Table of Contents
=====================================================================

==============================================
1  Timing Overview
==============================================

1.1  SDC Constraints
=====================
create_clock -name {lab1_counter_ei_inst/int_osc} -period 20.8333 [get_pins {lab1_counter_ei_inst/hf_osc/CLKHF }] 

1.2  Constraint Coverage
---------------------------
Constraint Coverage: 93.1973%


1.3  Overall Summary
---------------------------
 Setup at Speed Grade High-Performance_1.2V Corner at 100 Degrees     Timing Errors: 0 endpoints;  Total Negative Slack: 0.000 ns 
 Hold at Speed Grade m Corner at -40 Degrees                          Timing Errors: 0 endpoints;  Total Negative Slack: 0.000 ns 

1.4  Unconstrained Report
===========================

1.4.1  Unconstrained Start/End Points
--------------------------------------

Clocked but unconstrained timing start points
--------------------------------------------------
There is no start point satisfying reporting criteria


Clocked but unconstrained timing end points
--------------------------------------------------
There is no end point satisfying reporting criteria


1.4.2  Start/End Points Without Timing Constraints
---------------------------------------------------

I/O ports without constraint
----------------------------
Possible constraints to use on I/O ports are:
set_input_delay,
set_output_delay,
set_max_delay,
create_clock,
create_generated_clock,
...

-------------------------------------------------------------------
     Listing 7 Start or End Points      |           Type           
-------------------------------------------------------------------
s[0]                                    |                     input
s[1]                                    |                     input
s[2]                                    |                     input
s[3]                                    |                     input
led[0]                                  |                    output
led[1]                                  |                    output
led[2]                                  |                    output
-------------------------------------------------------------------
                                        |                          
Number of I/O ports without constraint  |                         7
                                        |                          
-------------------------------------------------------------------

Nets without clock definition
Define a clock on a top level port or a generated clock on a clock divider pin associated with this net(s).
--------------------------------------------------
There is no instance satisfying reporting criteria



1.5  Combinational Loop
========================
None

===============================================================
2  Setup at Speed Grade High-Performance_1.2V Corner at 100 Degrees
===============================================================

2.1  Clock Summary
=======================

2.1.1 Clock "lab1_counter_ei_inst/int_osc"
=======================
create_clock -name {lab1_counter_ei_inst/int_osc} -period 20.8333 [get_pins {lab1_counter_ei_inst/hf_osc/CLKHF }] 

Single Clock Domain
-------------------------------------------------------------------------------------------------------
   Clock lab1_counter_ei_inst/int_osc   |                    |       Period       |     Frequency      
-------------------------------------------------------------------------------------------------------
 From lab1_counter_ei_inst/int_osc      |             Target |          20.833 ns |         48.000 MHz 
                                        | Actual (all paths) |          20.792 ns |         48.095 MHz 
lab1_counter_ei_inst/hf_osc/CLKHF (MPW) |   (50% duty cycle) |          20.792 ns |         48.095 MHz 
-------------------------------------------------------------------------------------------------------

Clock Domain Crossing

2.2  Endpoint slacks
=======================
-------------------------------------------------------
          Listing 10 End Points          |    Slack    
-------------------------------------------------------
lab1_counter_ei_inst/counter_44__i25/D   |    7.709 ns 
lab1_counter_ei_inst/counter_44__i24/D   |    7.986 ns 
lab1_counter_ei_inst/counter_44__i23/D   |    8.818 ns 
lab1_counter_ei_inst/counter_44__i22/D   |    9.095 ns 
lab1_counter_ei_inst/counter_44__i1/SR   |    9.134 ns 
{lab1_counter_ei_inst/counter_44__i2/SR   lab1_counter_ei_inst/counter_44__i3/SR}              
                                         |    9.134 ns 
{lab1_counter_ei_inst/counter_44__i4/SR   lab1_counter_ei_inst/counter_44__i5/SR}              
                                         |    9.134 ns 
{lab1_counter_ei_inst/counter_44__i6/SR   lab1_counter_ei_inst/counter_44__i7/SR}              
                                         |    9.134 ns 
lab1_counter_ei_inst/led/D               |    9.306 ns 
lab1_counter_ei_inst/counter_44__i21/D   |    9.372 ns 
-------------------------------------------------------
                                         |             
Setup # of endpoints with negative slack:|           0 
                                         |             
-------------------------------------------------------

2.3  Detailed Report
=======================


XXXXXXXXXXXXXXXXXXXXXXXXXXXXXXXXXXXXXXXXXXXXXXXXXXXXXXXXXX

Detail report of critical paths

XXXXXXXXXXXXXXXXXXXXXXXXXXXXXXXXXXXXXXXXXXXXXXXXXXXXXXXXXX

+++++++++++++++++++++++++++++++++++++++++++++++++++++++++++++++++++++ 
                    Detailed Report for timing paths 
+++++++++++++++++++++++++++++++++++++++++++++++++++++++++++++++++++++ 

++++ Path 1 ++++++++++++++++++++++++++++++++++++++++++++++++++++++++++ 

Path Begin       : lab1_counter_ei_inst/counter_44__i1/Q  (SLICE_R9C3A)
Path End         : lab1_counter_ei_inst/counter_44__i25/D  (SLICE_R9C6A)
Source Clock     : lab1_counter_ei_inst/int_osc (R)
Destination Clock: lab1_counter_ei_inst/int_osc (R)
Logic Level      : 26
Delay Ratio      : 33.6% (route), 66.4% (logic)
Clock Skew       : 0.000 ns 
Setup Constraint : 20.833 ns 
Path Slack       : 7.709 ns  (Passed)


Source Clock Path
Name                                      Cell/Site Name     Delay Name           Incr      Arrival/Required Time  Fanout  
----------------------------------------  -----------------  -------------------  --------  ---------------------  ------  
lab1_counter_ei_inst.hf_osc/CLKHF         HFOSC_HFOSC_R1C32  CLOCK LATENCY           0.000                  0.000  15      
lab1_counter_ei_inst/int_osc                                 NET DELAY               5.499                  5.499  15      
lab1_counter_ei_inst/counter_44__i1/CK                       CLOCK PIN               0.000                  5.499  1       


Data Path
Name                                      Cell/Site Name     Delay Name           Incr      Arrival/Required Time  Fanout  
----------------------------------------  -----------------  -------------------  --------  ---------------------  ------  
lab1_counter_ei_inst/counter_44__i1/CK->lab1_counter_ei_inst/counter_44__i1/Q
                                          SLICE_R9C3A        CLK_TO_Q1_DELAY         1.388                  6.887  1       
lab1_counter_ei_inst/n25                                     NET DELAY               2.022                  8.909  1       
lab1_counter_ei_inst/counter_44_add_4_1/C1->lab1_counter_ei_inst/counter_44_add_4_1/CO1
                                          SLICE_R9C3A        C1_TO_COUT1_DELAY       0.343                  9.252  2       
lab1_counter_ei_inst/n60                                     NET DELAY               0.000                  9.252  2       
lab1_counter_ei_inst/counter_44_add_4_3/CI0->lab1_counter_ei_inst/counter_44_add_4_3/CO0
                                          SLICE_R9C3B        CIN0_TO_COUT0_DELAY     0.277                  9.529  2       
lab1_counter_ei_inst/n407                                    NET DELAY               0.000                  9.529  2       
lab1_counter_ei_inst/counter_44_add_4_3/CI1->lab1_counter_ei_inst/counter_44_add_4_3/CO1
                                          SLICE_R9C3B        CIN1_TO_COUT1_DELAY     0.277                  9.806  2       
lab1_counter_ei_inst/n62                                     NET DELAY               0.000                  9.806  2       
lab1_counter_ei_inst/counter_44_add_4_5/CI0->lab1_counter_ei_inst/counter_44_add_4_5/CO0
                                          SLICE_R9C3C        CIN0_TO_COUT0_DELAY     0.277                 10.083  2       
lab1_counter_ei_inst/n410                                    NET DELAY               0.000                 10.083  2       
lab1_counter_ei_inst/counter_44_add_4_5/CI1->lab1_counter_ei_inst/counter_44_add_4_5/CO1
                                          SLICE_R9C3C        CIN1_TO_COUT1_DELAY     0.277                 10.360  2       
lab1_counter_ei_inst/n64                                     NET DELAY               0.000                 10.360  2       
lab1_counter_ei_inst/counter_44_add_4_7/CI0->lab1_counter_ei_inst/counter_44_add_4_7/CO0
                                          SLICE_R9C3D        CIN0_TO_COUT0_DELAY     0.277                 10.637  2       
lab1_counter_ei_inst/n413                                    NET DELAY               0.000                 10.637  2       
lab1_counter_ei_inst/counter_44_add_4_7/CI1->lab1_counter_ei_inst/counter_44_add_4_7/CO1
                                          SLICE_R9C3D        CIN1_TO_COUT1_DELAY     0.277                 10.914  2       
lab1_counter_ei_inst/n66                                     NET DELAY               0.555                 11.469  2       
lab1_counter_ei_inst/counter_44_add_4_9/CI0->lab1_counter_ei_inst/counter_44_add_4_9/CO0
                                          SLICE_R9C4A        CIN0_TO_COUT0_DELAY     0.277                 11.746  2       
lab1_counter_ei_inst/n416                                    NET DELAY               0.000                 11.746  2       
lab1_counter_ei_inst/counter_44_add_4_9/CI1->lab1_counter_ei_inst/counter_44_add_4_9/CO1
                                          SLICE_R9C4A        CIN1_TO_COUT1_DELAY     0.277                 12.023  2       
lab1_counter_ei_inst/n68                                     NET DELAY               0.000                 12.023  2       
lab1_counter_ei_inst/counter_44_add_4_11/CI0->lab1_counter_ei_inst/counter_44_add_4_11/CO0
                                          SLICE_R9C4B        CIN0_TO_COUT0_DELAY     0.277                 12.300  2       
lab1_counter_ei_inst/n419                                    NET DELAY               0.000                 12.300  2       
lab1_counter_ei_inst/counter_44_add_4_11/CI1->lab1_counter_ei_inst/counter_44_add_4_11/CO1
                                          SLICE_R9C4B        CIN1_TO_COUT1_DELAY     0.277                 12.577  2       
lab1_counter_ei_inst/n70                                     NET DELAY               0.000                 12.577  2       
lab1_counter_ei_inst/counter_44_add_4_13/CI0->lab1_counter_ei_inst/counter_44_add_4_13/CO0
                                          SLICE_R9C4C        CIN0_TO_COUT0_DELAY     0.277                 12.854  2       
lab1_counter_ei_inst/n422                                    NET DELAY               0.000                 12.854  2       
lab1_counter_ei_inst/counter_44_add_4_13/CI1->lab1_counter_ei_inst/counter_44_add_4_13/CO1
                                          SLICE_R9C4C        CIN1_TO_COUT1_DELAY     0.277                 13.131  2       
lab1_counter_ei_inst/n72                                     NET DELAY               0.000                 13.131  2       
lab1_counter_ei_inst/counter_44_add_4_15/CI0->lab1_counter_ei_inst/counter_44_add_4_15/CO0
                                          SLICE_R9C4D        CIN0_TO_COUT0_DELAY     0.277                 13.408  2       
lab1_counter_ei_inst/n425                                    NET DELAY               0.000                 13.408  2       
lab1_counter_ei_inst/counter_44_add_4_15/CI1->lab1_counter_ei_inst/counter_44_add_4_15/CO1
                                          SLICE_R9C4D        CIN1_TO_COUT1_DELAY     0.277                 13.685  2       
lab1_counter_ei_inst/n74                                     NET DELAY               0.555                 14.240  2       
lab1_counter_ei_inst/counter_44_add_4_17/CI0->lab1_counter_ei_inst/counter_44_add_4_17/CO0
                                          SLICE_R9C5A        CIN0_TO_COUT0_DELAY     0.277                 14.517  2       
lab1_counter_ei_inst/n428                                    NET DELAY               0.000                 14.517  2       
lab1_counter_ei_inst/counter_44_add_4_17/CI1->lab1_counter_ei_inst/counter_44_add_4_17/CO1
                                          SLICE_R9C5A        CIN1_TO_COUT1_DELAY     0.277                 14.794  2       
lab1_counter_ei_inst/n76                                     NET DELAY               0.000                 14.794  2       
lab1_counter_ei_inst/counter_44_add_4_19/CI0->lab1_counter_ei_inst/counter_44_add_4_19/CO0
                                          SLICE_R9C5B        CIN0_TO_COUT0_DELAY     0.277                 15.071  2       
lab1_counter_ei_inst/n431                                    NET DELAY               0.000                 15.071  2       
lab1_counter_ei_inst/counter_44_add_4_19/CI1->lab1_counter_ei_inst/counter_44_add_4_19/CO1
                                          SLICE_R9C5B        CIN1_TO_COUT1_DELAY     0.277                 15.348  2       
lab1_counter_ei_inst/n78                                     NET DELAY               0.000                 15.348  2       
lab1_counter_ei_inst/counter_44_add_4_21/CI0->lab1_counter_ei_inst/counter_44_add_4_21/CO0
                                          SLICE_R9C5C        CIN0_TO_COUT0_DELAY     0.277                 15.625  2       
lab1_counter_ei_inst/n434                                    NET DELAY               0.000                 15.625  2       
lab1_counter_ei_inst/counter_44_add_4_21/CI1->lab1_counter_ei_inst/counter_44_add_4_21/CO1
                                          SLICE_R9C5C        CIN1_TO_COUT1_DELAY     0.277                 15.902  2       
lab1_counter_ei_inst/n80                                     NET DELAY               0.000                 15.902  2       
lab1_counter_ei_inst/counter_44_add_4_23/CI0->lab1_counter_ei_inst/counter_44_add_4_23/CO0
                                          SLICE_R9C5D        CIN0_TO_COUT0_DELAY     0.277                 16.179  2       
lab1_counter_ei_inst/n437                                    NET DELAY               0.000                 16.179  2       
lab1_counter_ei_inst/counter_44_add_4_23/CI1->lab1_counter_ei_inst/counter_44_add_4_23/CO1
                                          SLICE_R9C5D        CIN1_TO_COUT1_DELAY     0.277                 16.456  2       
lab1_counter_ei_inst/n82                                     NET DELAY               0.555                 17.011  2       
lab1_counter_ei_inst/counter_44_add_4_25/CI0->lab1_counter_ei_inst/counter_44_add_4_25/CO0
                                          SLICE_R9C6A        CIN0_TO_COUT0_DELAY     0.277                 17.288  2       
lab1_counter_ei_inst/n440                                    NET DELAY               0.661                 17.949  2       
lab1_counter_ei_inst/counter_44_add_4_25/D1->lab1_counter_ei_inst/counter_44_add_4_25/S1
                                          SLICE_R9C6A        D1_TO_F1_DELAY          0.476                 18.425  1       
lab1_counter_ei_inst/n105[24]                                NET DELAY               0.000                 18.425  1       
lab1_counter_ei_inst/counter_44__i25/D                       ENDPOINT                0.000                 18.425  1       


Destination Clock Path
Name                                      Cell/Site Name     Delay Name           Incr      Arrival/Required Time  Fanout  
----------------------------------------  -----------------  -------------------  --------  ---------------------  ------  
                                                             CONSTRAINT              0.000                 20.833  1       
lab1_counter_ei_inst.hf_osc/CLKHF         HFOSC_HFOSC_R1C32  CLOCK LATENCY           0.000                 20.833  15      
lab1_counter_ei_inst/int_osc                                 NET DELAY               5.499                 26.332  15      
{lab1_counter_ei_inst/counter_44__i24/CK   lab1_counter_ei_inst/counter_44__i25/CK}
                                                             CLOCK PIN               0.000                 26.332  1       
                                                             Uncertainty          -(0.000)                 26.332  
                                                             Setup time           -(0.198)                 26.134  
----------------------------------------  -----------------  -------------------  --------  ---------------------  ------  
Required Time                                                                                              26.134  
Arrival Time                                                                                            -(18.424)  
----------------------------------------  -----------------  -------------------  --------  ---------------------  ------  
Path Slack  (Passed)                                                                                        7.709  




++++ Path 2 ++++++++++++++++++++++++++++++++++++++++++++++++++++++++++ 

Path Begin       : lab1_counter_ei_inst/counter_44__i1/Q  (SLICE_R9C3A)
Path End         : lab1_counter_ei_inst/counter_44__i24/D  (SLICE_R9C6A)
Source Clock     : lab1_counter_ei_inst/int_osc (R)
Destination Clock: lab1_counter_ei_inst/int_osc (R)
Logic Level      : 25
Delay Ratio      : 34.4% (route), 65.6% (logic)
Clock Skew       : 0.000 ns 
Setup Constraint : 20.833 ns 
Path Slack       : 7.986 ns  (Passed)


Source Clock Path
Name                                      Cell/Site Name     Delay Name           Incr      Arrival/Required Time  Fanout  
----------------------------------------  -----------------  -------------------  --------  ---------------------  ------  
lab1_counter_ei_inst.hf_osc/CLKHF         HFOSC_HFOSC_R1C32  CLOCK LATENCY           0.000                  0.000  15      
lab1_counter_ei_inst/int_osc                                 NET DELAY               5.499                  5.499  15      
lab1_counter_ei_inst/counter_44__i1/CK                       CLOCK PIN               0.000                  5.499  1       


Data Path
Name                                      Cell/Site Name     Delay Name           Incr      Arrival/Required Time  Fanout  
----------------------------------------  -----------------  -------------------  --------  ---------------------  ------  
lab1_counter_ei_inst/counter_44__i1/CK->lab1_counter_ei_inst/counter_44__i1/Q
                                          SLICE_R9C3A        CLK_TO_Q1_DELAY         1.388                  6.887  1       
lab1_counter_ei_inst/n25                                     NET DELAY               2.022                  8.909  1       
lab1_counter_ei_inst/counter_44_add_4_1/C1->lab1_counter_ei_inst/counter_44_add_4_1/CO1
                                          SLICE_R9C3A        C1_TO_COUT1_DELAY       0.343                  9.252  2       
lab1_counter_ei_inst/n60                                     NET DELAY               0.000                  9.252  2       
lab1_counter_ei_inst/counter_44_add_4_3/CI0->lab1_counter_ei_inst/counter_44_add_4_3/CO0
                                          SLICE_R9C3B        CIN0_TO_COUT0_DELAY     0.277                  9.529  2       
lab1_counter_ei_inst/n407                                    NET DELAY               0.000                  9.529  2       
lab1_counter_ei_inst/counter_44_add_4_3/CI1->lab1_counter_ei_inst/counter_44_add_4_3/CO1
                                          SLICE_R9C3B        CIN1_TO_COUT1_DELAY     0.277                  9.806  2       
lab1_counter_ei_inst/n62                                     NET DELAY               0.000                  9.806  2       
lab1_counter_ei_inst/counter_44_add_4_5/CI0->lab1_counter_ei_inst/counter_44_add_4_5/CO0
                                          SLICE_R9C3C        CIN0_TO_COUT0_DELAY     0.277                 10.083  2       
lab1_counter_ei_inst/n410                                    NET DELAY               0.000                 10.083  2       
lab1_counter_ei_inst/counter_44_add_4_5/CI1->lab1_counter_ei_inst/counter_44_add_4_5/CO1
                                          SLICE_R9C3C        CIN1_TO_COUT1_DELAY     0.277                 10.360  2       
lab1_counter_ei_inst/n64                                     NET DELAY               0.000                 10.360  2       
lab1_counter_ei_inst/counter_44_add_4_7/CI0->lab1_counter_ei_inst/counter_44_add_4_7/CO0
                                          SLICE_R9C3D        CIN0_TO_COUT0_DELAY     0.277                 10.637  2       
lab1_counter_ei_inst/n413                                    NET DELAY               0.000                 10.637  2       
lab1_counter_ei_inst/counter_44_add_4_7/CI1->lab1_counter_ei_inst/counter_44_add_4_7/CO1
                                          SLICE_R9C3D        CIN1_TO_COUT1_DELAY     0.277                 10.914  2       
lab1_counter_ei_inst/n66                                     NET DELAY               0.555                 11.469  2       
lab1_counter_ei_inst/counter_44_add_4_9/CI0->lab1_counter_ei_inst/counter_44_add_4_9/CO0
                                          SLICE_R9C4A        CIN0_TO_COUT0_DELAY     0.277                 11.746  2       
lab1_counter_ei_inst/n416                                    NET DELAY               0.000                 11.746  2       
lab1_counter_ei_inst/counter_44_add_4_9/CI1->lab1_counter_ei_inst/counter_44_add_4_9/CO1
                                          SLICE_R9C4A        CIN1_TO_COUT1_DELAY     0.277                 12.023  2       
lab1_counter_ei_inst/n68                                     NET DELAY               0.000                 12.023  2       
lab1_counter_ei_inst/counter_44_add_4_11/CI0->lab1_counter_ei_inst/counter_44_add_4_11/CO0
                                          SLICE_R9C4B        CIN0_TO_COUT0_DELAY     0.277                 12.300  2       
lab1_counter_ei_inst/n419                                    NET DELAY               0.000                 12.300  2       
lab1_counter_ei_inst/counter_44_add_4_11/CI1->lab1_counter_ei_inst/counter_44_add_4_11/CO1
                                          SLICE_R9C4B        CIN1_TO_COUT1_DELAY     0.277                 12.577  2       
lab1_counter_ei_inst/n70                                     NET DELAY               0.000                 12.577  2       
lab1_counter_ei_inst/counter_44_add_4_13/CI0->lab1_counter_ei_inst/counter_44_add_4_13/CO0
                                          SLICE_R9C4C        CIN0_TO_COUT0_DELAY     0.277                 12.854  2       
lab1_counter_ei_inst/n422                                    NET DELAY               0.000                 12.854  2       
lab1_counter_ei_inst/counter_44_add_4_13/CI1->lab1_counter_ei_inst/counter_44_add_4_13/CO1
                                          SLICE_R9C4C        CIN1_TO_COUT1_DELAY     0.277                 13.131  2       
lab1_counter_ei_inst/n72                                     NET DELAY               0.000                 13.131  2       
lab1_counter_ei_inst/counter_44_add_4_15/CI0->lab1_counter_ei_inst/counter_44_add_4_15/CO0
                                          SLICE_R9C4D        CIN0_TO_COUT0_DELAY     0.277                 13.408  2       
lab1_counter_ei_inst/n425                                    NET DELAY               0.000                 13.408  2       
lab1_counter_ei_inst/counter_44_add_4_15/CI1->lab1_counter_ei_inst/counter_44_add_4_15/CO1
                                          SLICE_R9C4D        CIN1_TO_COUT1_DELAY     0.277                 13.685  2       
lab1_counter_ei_inst/n74                                     NET DELAY               0.555                 14.240  2       
lab1_counter_ei_inst/counter_44_add_4_17/CI0->lab1_counter_ei_inst/counter_44_add_4_17/CO0
                                          SLICE_R9C5A        CIN0_TO_COUT0_DELAY     0.277                 14.517  2       
lab1_counter_ei_inst/n428                                    NET DELAY               0.000                 14.517  2       
lab1_counter_ei_inst/counter_44_add_4_17/CI1->lab1_counter_ei_inst/counter_44_add_4_17/CO1
                                          SLICE_R9C5A        CIN1_TO_COUT1_DELAY     0.277                 14.794  2       
lab1_counter_ei_inst/n76                                     NET DELAY               0.000                 14.794  2       
lab1_counter_ei_inst/counter_44_add_4_19/CI0->lab1_counter_ei_inst/counter_44_add_4_19/CO0
                                          SLICE_R9C5B        CIN0_TO_COUT0_DELAY     0.277                 15.071  2       
lab1_counter_ei_inst/n431                                    NET DELAY               0.000                 15.071  2       
lab1_counter_ei_inst/counter_44_add_4_19/CI1->lab1_counter_ei_inst/counter_44_add_4_19/CO1
                                          SLICE_R9C5B        CIN1_TO_COUT1_DELAY     0.277                 15.348  2       
lab1_counter_ei_inst/n78                                     NET DELAY               0.000                 15.348  2       
lab1_counter_ei_inst/counter_44_add_4_21/CI0->lab1_counter_ei_inst/counter_44_add_4_21/CO0
                                          SLICE_R9C5C        CIN0_TO_COUT0_DELAY     0.277                 15.625  2       
lab1_counter_ei_inst/n434                                    NET DELAY               0.000                 15.625  2       
lab1_counter_ei_inst/counter_44_add_4_21/CI1->lab1_counter_ei_inst/counter_44_add_4_21/CO1
                                          SLICE_R9C5C        CIN1_TO_COUT1_DELAY     0.277                 15.902  2       
lab1_counter_ei_inst/n80                                     NET DELAY               0.000                 15.902  2       
lab1_counter_ei_inst/counter_44_add_4_23/CI0->lab1_counter_ei_inst/counter_44_add_4_23/CO0
                                          SLICE_R9C5D        CIN0_TO_COUT0_DELAY     0.277                 16.179  2       
lab1_counter_ei_inst/n437                                    NET DELAY               0.000                 16.179  2       
lab1_counter_ei_inst/counter_44_add_4_23/CI1->lab1_counter_ei_inst/counter_44_add_4_23/CO1
                                          SLICE_R9C5D        CIN1_TO_COUT1_DELAY     0.277                 16.456  2       
lab1_counter_ei_inst/n82                                     NET DELAY               1.216                 17.672  2       
lab1_counter_ei_inst/counter_44_add_4_25/D0->lab1_counter_ei_inst/counter_44_add_4_25/S0
                                          SLICE_R9C6A        D0_TO_F0_DELAY          0.476                 18.148  1       
lab1_counter_ei_inst/n105[23]                                NET DELAY               0.000                 18.148  1       
lab1_counter_ei_inst/counter_44__i24/D                       ENDPOINT                0.000                 18.148  1       


Destination Clock Path
Name                                      Cell/Site Name     Delay Name           Incr      Arrival/Required Time  Fanout  
----------------------------------------  -----------------  -------------------  --------  ---------------------  ------  
                                                             CONSTRAINT              0.000                 20.833  1       
lab1_counter_ei_inst.hf_osc/CLKHF         HFOSC_HFOSC_R1C32  CLOCK LATENCY           0.000                 20.833  15      
lab1_counter_ei_inst/int_osc                                 NET DELAY               5.499                 26.332  15      
{lab1_counter_ei_inst/counter_44__i24/CK   lab1_counter_ei_inst/counter_44__i25/CK}
                                                             CLOCK PIN               0.000                 26.332  1       
                                                             Uncertainty          -(0.000)                 26.332  
                                                             Setup time           -(0.198)                 26.134  
----------------------------------------  -----------------  -------------------  --------  ---------------------  ------  
Required Time                                                                                              26.134  
Arrival Time                                                                                            -(18.147)  
----------------------------------------  -----------------  -------------------  --------  ---------------------  ------  
Path Slack  (Passed)                                                                                        7.986  




++++ Path 3 ++++++++++++++++++++++++++++++++++++++++++++++++++++++++++ 

Path Begin       : lab1_counter_ei_inst/counter_44__i1/Q  (SLICE_R9C3A)
Path End         : lab1_counter_ei_inst/counter_44__i23/D  (SLICE_R9C5D)
Source Clock     : lab1_counter_ei_inst/int_osc (R)
Destination Clock: lab1_counter_ei_inst/int_osc (R)
Logic Level      : 24
Delay Ratio      : 32.1% (route), 67.9% (logic)
Clock Skew       : 0.000 ns 
Setup Constraint : 20.833 ns 
Path Slack       : 8.818 ns  (Passed)


Source Clock Path
Name                                      Cell/Site Name     Delay Name           Incr      Arrival/Required Time  Fanout  
----------------------------------------  -----------------  -------------------  --------  ---------------------  ------  
lab1_counter_ei_inst.hf_osc/CLKHF         HFOSC_HFOSC_R1C32  CLOCK LATENCY           0.000                  0.000  15      
lab1_counter_ei_inst/int_osc                                 NET DELAY               5.499                  5.499  15      
lab1_counter_ei_inst/counter_44__i1/CK                       CLOCK PIN               0.000                  5.499  1       


Data Path
Name                                      Cell/Site Name     Delay Name           Incr      Arrival/Required Time  Fanout  
----------------------------------------  -----------------  -------------------  --------  ---------------------  ------  
lab1_counter_ei_inst/counter_44__i1/CK->lab1_counter_ei_inst/counter_44__i1/Q
                                          SLICE_R9C3A        CLK_TO_Q1_DELAY         1.388                  6.887  1       
lab1_counter_ei_inst/n25                                     NET DELAY               2.022                  8.909  1       
lab1_counter_ei_inst/counter_44_add_4_1/C1->lab1_counter_ei_inst/counter_44_add_4_1/CO1
                                          SLICE_R9C3A        C1_TO_COUT1_DELAY       0.343                  9.252  2       
lab1_counter_ei_inst/n60                                     NET DELAY               0.000                  9.252  2       
lab1_counter_ei_inst/counter_44_add_4_3/CI0->lab1_counter_ei_inst/counter_44_add_4_3/CO0
                                          SLICE_R9C3B        CIN0_TO_COUT0_DELAY     0.277                  9.529  2       
lab1_counter_ei_inst/n407                                    NET DELAY               0.000                  9.529  2       
lab1_counter_ei_inst/counter_44_add_4_3/CI1->lab1_counter_ei_inst/counter_44_add_4_3/CO1
                                          SLICE_R9C3B        CIN1_TO_COUT1_DELAY     0.277                  9.806  2       
lab1_counter_ei_inst/n62                                     NET DELAY               0.000                  9.806  2       
lab1_counter_ei_inst/counter_44_add_4_5/CI0->lab1_counter_ei_inst/counter_44_add_4_5/CO0
                                          SLICE_R9C3C        CIN0_TO_COUT0_DELAY     0.277                 10.083  2       
lab1_counter_ei_inst/n410                                    NET DELAY               0.000                 10.083  2       
lab1_counter_ei_inst/counter_44_add_4_5/CI1->lab1_counter_ei_inst/counter_44_add_4_5/CO1
                                          SLICE_R9C3C        CIN1_TO_COUT1_DELAY     0.277                 10.360  2       
lab1_counter_ei_inst/n64                                     NET DELAY               0.000                 10.360  2       
lab1_counter_ei_inst/counter_44_add_4_7/CI0->lab1_counter_ei_inst/counter_44_add_4_7/CO0
                                          SLICE_R9C3D        CIN0_TO_COUT0_DELAY     0.277                 10.637  2       
lab1_counter_ei_inst/n413                                    NET DELAY               0.000                 10.637  2       
lab1_counter_ei_inst/counter_44_add_4_7/CI1->lab1_counter_ei_inst/counter_44_add_4_7/CO1
                                          SLICE_R9C3D        CIN1_TO_COUT1_DELAY     0.277                 10.914  2       
lab1_counter_ei_inst/n66                                     NET DELAY               0.555                 11.469  2       
lab1_counter_ei_inst/counter_44_add_4_9/CI0->lab1_counter_ei_inst/counter_44_add_4_9/CO0
                                          SLICE_R9C4A        CIN0_TO_COUT0_DELAY     0.277                 11.746  2       
lab1_counter_ei_inst/n416                                    NET DELAY               0.000                 11.746  2       
lab1_counter_ei_inst/counter_44_add_4_9/CI1->lab1_counter_ei_inst/counter_44_add_4_9/CO1
                                          SLICE_R9C4A        CIN1_TO_COUT1_DELAY     0.277                 12.023  2       
lab1_counter_ei_inst/n68                                     NET DELAY               0.000                 12.023  2       
lab1_counter_ei_inst/counter_44_add_4_11/CI0->lab1_counter_ei_inst/counter_44_add_4_11/CO0
                                          SLICE_R9C4B        CIN0_TO_COUT0_DELAY     0.277                 12.300  2       
lab1_counter_ei_inst/n419                                    NET DELAY               0.000                 12.300  2       
lab1_counter_ei_inst/counter_44_add_4_11/CI1->lab1_counter_ei_inst/counter_44_add_4_11/CO1
                                          SLICE_R9C4B        CIN1_TO_COUT1_DELAY     0.277                 12.577  2       
lab1_counter_ei_inst/n70                                     NET DELAY               0.000                 12.577  2       
lab1_counter_ei_inst/counter_44_add_4_13/CI0->lab1_counter_ei_inst/counter_44_add_4_13/CO0
                                          SLICE_R9C4C        CIN0_TO_COUT0_DELAY     0.277                 12.854  2       
lab1_counter_ei_inst/n422                                    NET DELAY               0.000                 12.854  2       
lab1_counter_ei_inst/counter_44_add_4_13/CI1->lab1_counter_ei_inst/counter_44_add_4_13/CO1
                                          SLICE_R9C4C        CIN1_TO_COUT1_DELAY     0.277                 13.131  2       
lab1_counter_ei_inst/n72                                     NET DELAY               0.000                 13.131  2       
lab1_counter_ei_inst/counter_44_add_4_15/CI0->lab1_counter_ei_inst/counter_44_add_4_15/CO0
                                          SLICE_R9C4D        CIN0_TO_COUT0_DELAY     0.277                 13.408  2       
lab1_counter_ei_inst/n425                                    NET DELAY               0.000                 13.408  2       
lab1_counter_ei_inst/counter_44_add_4_15/CI1->lab1_counter_ei_inst/counter_44_add_4_15/CO1
                                          SLICE_R9C4D        CIN1_TO_COUT1_DELAY     0.277                 13.685  2       
lab1_counter_ei_inst/n74                                     NET DELAY               0.555                 14.240  2       
lab1_counter_ei_inst/counter_44_add_4_17/CI0->lab1_counter_ei_inst/counter_44_add_4_17/CO0
                                          SLICE_R9C5A        CIN0_TO_COUT0_DELAY     0.277                 14.517  2       
lab1_counter_ei_inst/n428                                    NET DELAY               0.000                 14.517  2       
lab1_counter_ei_inst/counter_44_add_4_17/CI1->lab1_counter_ei_inst/counter_44_add_4_17/CO1
                                          SLICE_R9C5A        CIN1_TO_COUT1_DELAY     0.277                 14.794  2       
lab1_counter_ei_inst/n76                                     NET DELAY               0.000                 14.794  2       
lab1_counter_ei_inst/counter_44_add_4_19/CI0->lab1_counter_ei_inst/counter_44_add_4_19/CO0
                                          SLICE_R9C5B        CIN0_TO_COUT0_DELAY     0.277                 15.071  2       
lab1_counter_ei_inst/n431                                    NET DELAY               0.000                 15.071  2       
lab1_counter_ei_inst/counter_44_add_4_19/CI1->lab1_counter_ei_inst/counter_44_add_4_19/CO1
                                          SLICE_R9C5B        CIN1_TO_COUT1_DELAY     0.277                 15.348  2       
lab1_counter_ei_inst/n78                                     NET DELAY               0.000                 15.348  2       
lab1_counter_ei_inst/counter_44_add_4_21/CI0->lab1_counter_ei_inst/counter_44_add_4_21/CO0
                                          SLICE_R9C5C        CIN0_TO_COUT0_DELAY     0.277                 15.625  2       
lab1_counter_ei_inst/n434                                    NET DELAY               0.000                 15.625  2       
lab1_counter_ei_inst/counter_44_add_4_21/CI1->lab1_counter_ei_inst/counter_44_add_4_21/CO1
                                          SLICE_R9C5C        CIN1_TO_COUT1_DELAY     0.277                 15.902  2       
lab1_counter_ei_inst/n80                                     NET DELAY               0.000                 15.902  2       
lab1_counter_ei_inst/counter_44_add_4_23/CI0->lab1_counter_ei_inst/counter_44_add_4_23/CO0
                                          SLICE_R9C5D        CIN0_TO_COUT0_DELAY     0.277                 16.179  2       
lab1_counter_ei_inst/n437                                    NET DELAY               0.661                 16.840  2       
lab1_counter_ei_inst/counter_44_add_4_23/D1->lab1_counter_ei_inst/counter_44_add_4_23/S1
                                          SLICE_R9C5D        D1_TO_F1_DELAY          0.476                 17.316  1       
lab1_counter_ei_inst/n105[22]                                NET DELAY               0.000                 17.316  1       
lab1_counter_ei_inst/counter_44__i23/D                       ENDPOINT                0.000                 17.316  1       


Destination Clock Path
Name                                      Cell/Site Name     Delay Name           Incr      Arrival/Required Time  Fanout  
----------------------------------------  -----------------  -------------------  --------  ---------------------  ------  
                                                             CONSTRAINT              0.000                 20.833  1       
lab1_counter_ei_inst.hf_osc/CLKHF         HFOSC_HFOSC_R1C32  CLOCK LATENCY           0.000                 20.833  15      
lab1_counter_ei_inst/int_osc                                 NET DELAY               5.499                 26.332  15      
{lab1_counter_ei_inst/counter_44__i22/CK   lab1_counter_ei_inst/counter_44__i23/CK}
                                                             CLOCK PIN               0.000                 26.332  1       
                                                             Uncertainty          -(0.000)                 26.332  
                                                             Setup time           -(0.198)                 26.134  
----------------------------------------  -----------------  -------------------  --------  ---------------------  ------  
Required Time                                                                                              26.134  
Arrival Time                                                                                            -(17.315)  
----------------------------------------  -----------------  -------------------  --------  ---------------------  ------  
Path Slack  (Passed)                                                                                        8.818  




++++ Path 4 ++++++++++++++++++++++++++++++++++++++++++++++++++++++++++ 

Path Begin       : lab1_counter_ei_inst/counter_44__i1/Q  (SLICE_R9C3A)
Path End         : lab1_counter_ei_inst/counter_44__i22/D  (SLICE_R9C5D)
Source Clock     : lab1_counter_ei_inst/int_osc (R)
Destination Clock: lab1_counter_ei_inst/int_osc (R)
Logic Level      : 23
Delay Ratio      : 32.9% (route), 67.1% (logic)
Clock Skew       : 0.000 ns 
Setup Constraint : 20.833 ns 
Path Slack       : 9.095 ns  (Passed)


Source Clock Path
Name                                      Cell/Site Name     Delay Name           Incr      Arrival/Required Time  Fanout  
----------------------------------------  -----------------  -------------------  --------  ---------------------  ------  
lab1_counter_ei_inst.hf_osc/CLKHF         HFOSC_HFOSC_R1C32  CLOCK LATENCY           0.000                  0.000  15      
lab1_counter_ei_inst/int_osc                                 NET DELAY               5.499                  5.499  15      
lab1_counter_ei_inst/counter_44__i1/CK                       CLOCK PIN               0.000                  5.499  1       


Data Path
Name                                      Cell/Site Name     Delay Name           Incr      Arrival/Required Time  Fanout  
----------------------------------------  -----------------  -------------------  --------  ---------------------  ------  
lab1_counter_ei_inst/counter_44__i1/CK->lab1_counter_ei_inst/counter_44__i1/Q
                                          SLICE_R9C3A        CLK_TO_Q1_DELAY         1.388                  6.887  1       
lab1_counter_ei_inst/n25                                     NET DELAY               2.022                  8.909  1       
lab1_counter_ei_inst/counter_44_add_4_1/C1->lab1_counter_ei_inst/counter_44_add_4_1/CO1
                                          SLICE_R9C3A        C1_TO_COUT1_DELAY       0.343                  9.252  2       
lab1_counter_ei_inst/n60                                     NET DELAY               0.000                  9.252  2       
lab1_counter_ei_inst/counter_44_add_4_3/CI0->lab1_counter_ei_inst/counter_44_add_4_3/CO0
                                          SLICE_R9C3B        CIN0_TO_COUT0_DELAY     0.277                  9.529  2       
lab1_counter_ei_inst/n407                                    NET DELAY               0.000                  9.529  2       
lab1_counter_ei_inst/counter_44_add_4_3/CI1->lab1_counter_ei_inst/counter_44_add_4_3/CO1
                                          SLICE_R9C3B        CIN1_TO_COUT1_DELAY     0.277                  9.806  2       
lab1_counter_ei_inst/n62                                     NET DELAY               0.000                  9.806  2       
lab1_counter_ei_inst/counter_44_add_4_5/CI0->lab1_counter_ei_inst/counter_44_add_4_5/CO0
                                          SLICE_R9C3C        CIN0_TO_COUT0_DELAY     0.277                 10.083  2       
lab1_counter_ei_inst/n410                                    NET DELAY               0.000                 10.083  2       
lab1_counter_ei_inst/counter_44_add_4_5/CI1->lab1_counter_ei_inst/counter_44_add_4_5/CO1
                                          SLICE_R9C3C        CIN1_TO_COUT1_DELAY     0.277                 10.360  2       
lab1_counter_ei_inst/n64                                     NET DELAY               0.000                 10.360  2       
lab1_counter_ei_inst/counter_44_add_4_7/CI0->lab1_counter_ei_inst/counter_44_add_4_7/CO0
                                          SLICE_R9C3D        CIN0_TO_COUT0_DELAY     0.277                 10.637  2       
lab1_counter_ei_inst/n413                                    NET DELAY               0.000                 10.637  2       
lab1_counter_ei_inst/counter_44_add_4_7/CI1->lab1_counter_ei_inst/counter_44_add_4_7/CO1
                                          SLICE_R9C3D        CIN1_TO_COUT1_DELAY     0.277                 10.914  2       
lab1_counter_ei_inst/n66                                     NET DELAY               0.555                 11.469  2       
lab1_counter_ei_inst/counter_44_add_4_9/CI0->lab1_counter_ei_inst/counter_44_add_4_9/CO0
                                          SLICE_R9C4A        CIN0_TO_COUT0_DELAY     0.277                 11.746  2       
lab1_counter_ei_inst/n416                                    NET DELAY               0.000                 11.746  2       
lab1_counter_ei_inst/counter_44_add_4_9/CI1->lab1_counter_ei_inst/counter_44_add_4_9/CO1
                                          SLICE_R9C4A        CIN1_TO_COUT1_DELAY     0.277                 12.023  2       
lab1_counter_ei_inst/n68                                     NET DELAY               0.000                 12.023  2       
lab1_counter_ei_inst/counter_44_add_4_11/CI0->lab1_counter_ei_inst/counter_44_add_4_11/CO0
                                          SLICE_R9C4B        CIN0_TO_COUT0_DELAY     0.277                 12.300  2       
lab1_counter_ei_inst/n419                                    NET DELAY               0.000                 12.300  2       
lab1_counter_ei_inst/counter_44_add_4_11/CI1->lab1_counter_ei_inst/counter_44_add_4_11/CO1
                                          SLICE_R9C4B        CIN1_TO_COUT1_DELAY     0.277                 12.577  2       
lab1_counter_ei_inst/n70                                     NET DELAY               0.000                 12.577  2       
lab1_counter_ei_inst/counter_44_add_4_13/CI0->lab1_counter_ei_inst/counter_44_add_4_13/CO0
                                          SLICE_R9C4C        CIN0_TO_COUT0_DELAY     0.277                 12.854  2       
lab1_counter_ei_inst/n422                                    NET DELAY               0.000                 12.854  2       
lab1_counter_ei_inst/counter_44_add_4_13/CI1->lab1_counter_ei_inst/counter_44_add_4_13/CO1
                                          SLICE_R9C4C        CIN1_TO_COUT1_DELAY     0.277                 13.131  2       
lab1_counter_ei_inst/n72                                     NET DELAY               0.000                 13.131  2       
lab1_counter_ei_inst/counter_44_add_4_15/CI0->lab1_counter_ei_inst/counter_44_add_4_15/CO0
                                          SLICE_R9C4D        CIN0_TO_COUT0_DELAY     0.277                 13.408  2       
lab1_counter_ei_inst/n425                                    NET DELAY               0.000                 13.408  2       
lab1_counter_ei_inst/counter_44_add_4_15/CI1->lab1_counter_ei_inst/counter_44_add_4_15/CO1
                                          SLICE_R9C4D        CIN1_TO_COUT1_DELAY     0.277                 13.685  2       
lab1_counter_ei_inst/n74                                     NET DELAY               0.555                 14.240  2       
lab1_counter_ei_inst/counter_44_add_4_17/CI0->lab1_counter_ei_inst/counter_44_add_4_17/CO0
                                          SLICE_R9C5A        CIN0_TO_COUT0_DELAY     0.277                 14.517  2       
lab1_counter_ei_inst/n428                                    NET DELAY               0.000                 14.517  2       
lab1_counter_ei_inst/counter_44_add_4_17/CI1->lab1_counter_ei_inst/counter_44_add_4_17/CO1
                                          SLICE_R9C5A        CIN1_TO_COUT1_DELAY     0.277                 14.794  2       
lab1_counter_ei_inst/n76                                     NET DELAY               0.000                 14.794  2       
lab1_counter_ei_inst/counter_44_add_4_19/CI0->lab1_counter_ei_inst/counter_44_add_4_19/CO0
                                          SLICE_R9C5B        CIN0_TO_COUT0_DELAY     0.277                 15.071  2       
lab1_counter_ei_inst/n431                                    NET DELAY               0.000                 15.071  2       
lab1_counter_ei_inst/counter_44_add_4_19/CI1->lab1_counter_ei_inst/counter_44_add_4_19/CO1
                                          SLICE_R9C5B        CIN1_TO_COUT1_DELAY     0.277                 15.348  2       
lab1_counter_ei_inst/n78                                     NET DELAY               0.000                 15.348  2       
lab1_counter_ei_inst/counter_44_add_4_21/CI0->lab1_counter_ei_inst/counter_44_add_4_21/CO0
                                          SLICE_R9C5C        CIN0_TO_COUT0_DELAY     0.277                 15.625  2       
lab1_counter_ei_inst/n434                                    NET DELAY               0.000                 15.625  2       
lab1_counter_ei_inst/counter_44_add_4_21/CI1->lab1_counter_ei_inst/counter_44_add_4_21/CO1
                                          SLICE_R9C5C        CIN1_TO_COUT1_DELAY     0.277                 15.902  2       
lab1_counter_ei_inst/n80                                     NET DELAY               0.661                 16.563  2       
lab1_counter_ei_inst/counter_44_add_4_23/D0->lab1_counter_ei_inst/counter_44_add_4_23/S0
                                          SLICE_R9C5D        D0_TO_F0_DELAY          0.476                 17.039  1       
lab1_counter_ei_inst/n105[21]                                NET DELAY               0.000                 17.039  1       
lab1_counter_ei_inst/counter_44__i22/D                       ENDPOINT                0.000                 17.039  1       


Destination Clock Path
Name                                      Cell/Site Name     Delay Name           Incr      Arrival/Required Time  Fanout  
----------------------------------------  -----------------  -------------------  --------  ---------------------  ------  
                                                             CONSTRAINT              0.000                 20.833  1       
lab1_counter_ei_inst.hf_osc/CLKHF         HFOSC_HFOSC_R1C32  CLOCK LATENCY           0.000                 20.833  15      
lab1_counter_ei_inst/int_osc                                 NET DELAY               5.499                 26.332  15      
{lab1_counter_ei_inst/counter_44__i22/CK   lab1_counter_ei_inst/counter_44__i23/CK}
                                                             CLOCK PIN               0.000                 26.332  1       
                                                             Uncertainty          -(0.000)                 26.332  
                                                             Setup time           -(0.198)                 26.134  
----------------------------------------  -----------------  -------------------  --------  ---------------------  ------  
Required Time                                                                                              26.134  
Arrival Time                                                                                            -(17.038)  
----------------------------------------  -----------------  -------------------  --------  ---------------------  ------  
Path Slack  (Passed)                                                                                        9.095  




++++ Path 5 ++++++++++++++++++++++++++++++++++++++++++++++++++++++++++ 

Path Begin       : lab1_counter_ei_inst/counter_44__i7/Q  (SLICE_R9C3D)
Path End         : lab1_counter_ei_inst/counter_44__i1/SR  (SLICE_R9C3A)
Source Clock     : lab1_counter_ei_inst/int_osc (R)
Destination Clock: lab1_counter_ei_inst/int_osc (R)
Logic Level      : 7
Delay Ratio      : 62.2% (route), 37.8% (logic)
Clock Skew       : 0.000 ns 
Setup Constraint : 20.833 ns 
Path Slack       : 9.134 ns  (Passed)


Source Clock Path
Name                                      Cell/Site Name     Delay Name       Incr      Arrival/Required Time  Fanout  
----------------------------------------  -----------------  ---------------  --------  ---------------------  ------  
lab1_counter_ei_inst.hf_osc/CLKHF         HFOSC_HFOSC_R1C32  CLOCK LATENCY       0.000                  0.000  15      
lab1_counter_ei_inst/int_osc                                 NET DELAY           5.499                  5.499  15      
{lab1_counter_ei_inst/counter_44__i6/CK   lab1_counter_ei_inst/counter_44__i7/CK}
                                                             CLOCK PIN           0.000                  5.499  1       


Data Path
Name                                      Cell/Site Name     Delay Name       Incr      Arrival/Required Time  Fanout  
----------------------------------------  -----------------  ---------------  --------  ---------------------  ------  
lab1_counter_ei_inst/counter_44__i7/CK->lab1_counter_ei_inst/counter_44__i7/Q
                                          SLICE_R9C3D        CLK_TO_Q1_DELAY     1.388                  6.887  2       
lab1_counter_ei_inst/counter[6]                              NET DELAY           2.353                  9.240  2       
lab1_counter_ei_inst/i2_4_lut/C->lab1_counter_ei_inst/i2_4_lut/Z
                                          SLICE_R10C5A       D0_TO_F0_DELAY      0.476                  9.716  1       
lab1_counter_ei_inst/n163                                    NET DELAY           0.304                 10.020  1       
lab1_counter_ei_inst/i1_4_lut/B->lab1_counter_ei_inst/i1_4_lut/Z
                                          SLICE_R10C5A       C1_TO_F1_DELAY      0.476                 10.496  1       
lab1_counter_ei_inst/n4                                      NET DELAY           0.304                 10.800  1       
lab1_counter_ei_inst/i1_4_lut_adj_1/D->lab1_counter_ei_inst/i1_4_lut_adj_1/Z
                                          SLICE_R10C5B       C0_TO_F0_DELAY      0.476                 11.276  1       
lab1_counter_ei_inst/n5                                      NET DELAY           0.304                 11.580  1       
lab1_counter_ei_inst/i1_4_lut_adj_2/B->lab1_counter_ei_inst/i1_4_lut_adj_2/Z
                                          SLICE_R10C5B       C1_TO_F1_DELAY      0.476                 12.056  1       
lab1_counter_ei_inst/n4_adj_21                               NET DELAY           0.304                 12.360  1       
lab1_counter_ei_inst/i2_4_lut_adj_3/D->lab1_counter_ei_inst/i2_4_lut_adj_3/Z
                                          SLICE_R10C5C       C0_TO_F0_DELAY      0.476                 12.836  1       
lab1_counter_ei_inst/n166                                    NET DELAY           0.304                 13.140  1       
lab1_counter_ei_inst/i2_4_lut_adj_4/C->lab1_counter_ei_inst/i2_4_lut_adj_4/Z
                                          SLICE_R10C5C       C1_TO_F1_DELAY      0.449                 13.589  14      
lab1_counter_ei_inst/n4_adj_22                               NET DELAY           3.080                 16.669  14      
lab1_counter_ei_inst/counter_44__i1/SR                       ENDPOINT            0.000                 16.669  1       


Destination Clock Path
Name                                      Cell/Site Name     Delay Name       Incr      Arrival/Required Time  Fanout  
----------------------------------------  -----------------  ---------------  --------  ---------------------  ------  
                                                             CONSTRAINT          0.000                 20.833  1       
lab1_counter_ei_inst.hf_osc/CLKHF         HFOSC_HFOSC_R1C32  CLOCK LATENCY       0.000                 20.833  15      
lab1_counter_ei_inst/int_osc                                 NET DELAY           5.499                 26.332  15      
lab1_counter_ei_inst/counter_44__i1/CK                       CLOCK PIN           0.000                 26.332  1       
                                                             Uncertainty      -(0.000)                 26.332  
                                                             Setup time       -(0.529)                 25.803  
----------------------------------------  -----------------  ---------------  --------  ---------------------  ------  
Required Time                                                                                          25.803  
Arrival Time                                                                                        -(16.668)  
----------------------------------------  -----------------  ---------------  --------  ---------------------  ------  
Path Slack  (Passed)                                                                                    9.134  




++++ Path 6 ++++++++++++++++++++++++++++++++++++++++++++++++++++++++++ 

Path Begin       : lab1_counter_ei_inst/counter_44__i7/Q  (SLICE_R9C3D)
Path End         : {lab1_counter_ei_inst/counter_44__i2/SR   lab1_counter_ei_inst/counter_44__i3/SR}  (SLICE_R9C3B)
Source Clock     : lab1_counter_ei_inst/int_osc (R)
Destination Clock: lab1_counter_ei_inst/int_osc (R)
Logic Level      : 7
Delay Ratio      : 62.2% (route), 37.8% (logic)
Clock Skew       : 0.000 ns 
Setup Constraint : 20.833 ns 
Path Slack       : 9.134 ns  (Passed)


Source Clock Path
Name                                      Cell/Site Name     Delay Name       Incr      Arrival/Required Time  Fanout  
----------------------------------------  -----------------  ---------------  --------  ---------------------  ------  
lab1_counter_ei_inst.hf_osc/CLKHF         HFOSC_HFOSC_R1C32  CLOCK LATENCY       0.000                  0.000  15      
lab1_counter_ei_inst/int_osc                                 NET DELAY           5.499                  5.499  15      
{lab1_counter_ei_inst/counter_44__i6/CK   lab1_counter_ei_inst/counter_44__i7/CK}
                                                             CLOCK PIN           0.000                  5.499  1       


Data Path
Name                                      Cell/Site Name     Delay Name       Incr      Arrival/Required Time  Fanout  
----------------------------------------  -----------------  ---------------  --------  ---------------------  ------  
lab1_counter_ei_inst/counter_44__i7/CK->lab1_counter_ei_inst/counter_44__i7/Q
                                          SLICE_R9C3D        CLK_TO_Q1_DELAY     1.388                  6.887  2       
lab1_counter_ei_inst/counter[6]                              NET DELAY           2.353                  9.240  2       
lab1_counter_ei_inst/i2_4_lut/C->lab1_counter_ei_inst/i2_4_lut/Z
                                          SLICE_R10C5A       D0_TO_F0_DELAY      0.476                  9.716  1       
lab1_counter_ei_inst/n163                                    NET DELAY           0.304                 10.020  1       
lab1_counter_ei_inst/i1_4_lut/B->lab1_counter_ei_inst/i1_4_lut/Z
                                          SLICE_R10C5A       C1_TO_F1_DELAY      0.476                 10.496  1       
lab1_counter_ei_inst/n4                                      NET DELAY           0.304                 10.800  1       
lab1_counter_ei_inst/i1_4_lut_adj_1/D->lab1_counter_ei_inst/i1_4_lut_adj_1/Z
                                          SLICE_R10C5B       C0_TO_F0_DELAY      0.476                 11.276  1       
lab1_counter_ei_inst/n5                                      NET DELAY           0.304                 11.580  1       
lab1_counter_ei_inst/i1_4_lut_adj_2/B->lab1_counter_ei_inst/i1_4_lut_adj_2/Z
                                          SLICE_R10C5B       C1_TO_F1_DELAY      0.476                 12.056  1       
lab1_counter_ei_inst/n4_adj_21                               NET DELAY           0.304                 12.360  1       
lab1_counter_ei_inst/i2_4_lut_adj_3/D->lab1_counter_ei_inst/i2_4_lut_adj_3/Z
                                          SLICE_R10C5C       C0_TO_F0_DELAY      0.476                 12.836  1       
lab1_counter_ei_inst/n166                                    NET DELAY           0.304                 13.140  1       
lab1_counter_ei_inst/i2_4_lut_adj_4/C->lab1_counter_ei_inst/i2_4_lut_adj_4/Z
                                          SLICE_R10C5C       C1_TO_F1_DELAY      0.449                 13.589  14      
lab1_counter_ei_inst/n4_adj_22                               NET DELAY           3.080                 16.669  14      
{lab1_counter_ei_inst/counter_44__i2/SR   lab1_counter_ei_inst/counter_44__i3/SR}
                                                             ENDPOINT            0.000                 16.669  1       


Destination Clock Path
Name                                      Cell/Site Name     Delay Name       Incr      Arrival/Required Time  Fanout  
----------------------------------------  -----------------  ---------------  --------  ---------------------  ------  
                                                             CONSTRAINT          0.000                 20.833  1       
lab1_counter_ei_inst.hf_osc/CLKHF         HFOSC_HFOSC_R1C32  CLOCK LATENCY       0.000                 20.833  15      
lab1_counter_ei_inst/int_osc                                 NET DELAY           5.499                 26.332  15      
{lab1_counter_ei_inst/counter_44__i2/CK   lab1_counter_ei_inst/counter_44__i3/CK}
                                                             CLOCK PIN           0.000                 26.332  1       
                                                             Uncertainty      -(0.000)                 26.332  
                                                             Setup time       -(0.529)                 25.803  
----------------------------------------  -----------------  ---------------  --------  ---------------------  ------  
Required Time                                                                                          25.803  
Arrival Time                                                                                        -(16.668)  
----------------------------------------  -----------------  ---------------  --------  ---------------------  ------  
Path Slack  (Passed)                                                                                    9.134  




++++ Path 7 ++++++++++++++++++++++++++++++++++++++++++++++++++++++++++ 

Path Begin       : lab1_counter_ei_inst/counter_44__i7/Q  (SLICE_R9C3D)
Path End         : {lab1_counter_ei_inst/counter_44__i4/SR   lab1_counter_ei_inst/counter_44__i5/SR}  (SLICE_R9C3C)
Source Clock     : lab1_counter_ei_inst/int_osc (R)
Destination Clock: lab1_counter_ei_inst/int_osc (R)
Logic Level      : 7
Delay Ratio      : 62.2% (route), 37.8% (logic)
Clock Skew       : 0.000 ns 
Setup Constraint : 20.833 ns 
Path Slack       : 9.134 ns  (Passed)


Source Clock Path
Name                                      Cell/Site Name     Delay Name       Incr      Arrival/Required Time  Fanout  
----------------------------------------  -----------------  ---------------  --------  ---------------------  ------  
lab1_counter_ei_inst.hf_osc/CLKHF         HFOSC_HFOSC_R1C32  CLOCK LATENCY       0.000                  0.000  15      
lab1_counter_ei_inst/int_osc                                 NET DELAY           5.499                  5.499  15      
{lab1_counter_ei_inst/counter_44__i6/CK   lab1_counter_ei_inst/counter_44__i7/CK}
                                                             CLOCK PIN           0.000                  5.499  1       


Data Path
Name                                      Cell/Site Name     Delay Name       Incr      Arrival/Required Time  Fanout  
----------------------------------------  -----------------  ---------------  --------  ---------------------  ------  
lab1_counter_ei_inst/counter_44__i7/CK->lab1_counter_ei_inst/counter_44__i7/Q
                                          SLICE_R9C3D        CLK_TO_Q1_DELAY     1.388                  6.887  2       
lab1_counter_ei_inst/counter[6]                              NET DELAY           2.353                  9.240  2       
lab1_counter_ei_inst/i2_4_lut/C->lab1_counter_ei_inst/i2_4_lut/Z
                                          SLICE_R10C5A       D0_TO_F0_DELAY      0.476                  9.716  1       
lab1_counter_ei_inst/n163                                    NET DELAY           0.304                 10.020  1       
lab1_counter_ei_inst/i1_4_lut/B->lab1_counter_ei_inst/i1_4_lut/Z
                                          SLICE_R10C5A       C1_TO_F1_DELAY      0.476                 10.496  1       
lab1_counter_ei_inst/n4                                      NET DELAY           0.304                 10.800  1       
lab1_counter_ei_inst/i1_4_lut_adj_1/D->lab1_counter_ei_inst/i1_4_lut_adj_1/Z
                                          SLICE_R10C5B       C0_TO_F0_DELAY      0.476                 11.276  1       
lab1_counter_ei_inst/n5                                      NET DELAY           0.304                 11.580  1       
lab1_counter_ei_inst/i1_4_lut_adj_2/B->lab1_counter_ei_inst/i1_4_lut_adj_2/Z
                                          SLICE_R10C5B       C1_TO_F1_DELAY      0.476                 12.056  1       
lab1_counter_ei_inst/n4_adj_21                               NET DELAY           0.304                 12.360  1       
lab1_counter_ei_inst/i2_4_lut_adj_3/D->lab1_counter_ei_inst/i2_4_lut_adj_3/Z
                                          SLICE_R10C5C       C0_TO_F0_DELAY      0.476                 12.836  1       
lab1_counter_ei_inst/n166                                    NET DELAY           0.304                 13.140  1       
lab1_counter_ei_inst/i2_4_lut_adj_4/C->lab1_counter_ei_inst/i2_4_lut_adj_4/Z
                                          SLICE_R10C5C       C1_TO_F1_DELAY      0.449                 13.589  14      
lab1_counter_ei_inst/n4_adj_22                               NET DELAY           3.080                 16.669  14      
{lab1_counter_ei_inst/counter_44__i4/SR   lab1_counter_ei_inst/counter_44__i5/SR}
                                                             ENDPOINT            0.000                 16.669  1       


Destination Clock Path
Name                                      Cell/Site Name     Delay Name       Incr      Arrival/Required Time  Fanout  
----------------------------------------  -----------------  ---------------  --------  ---------------------  ------  
                                                             CONSTRAINT          0.000                 20.833  1       
lab1_counter_ei_inst.hf_osc/CLKHF         HFOSC_HFOSC_R1C32  CLOCK LATENCY       0.000                 20.833  15      
lab1_counter_ei_inst/int_osc                                 NET DELAY           5.499                 26.332  15      
{lab1_counter_ei_inst/counter_44__i4/CK   lab1_counter_ei_inst/counter_44__i5/CK}
                                                             CLOCK PIN           0.000                 26.332  1       
                                                             Uncertainty      -(0.000)                 26.332  
                                                             Setup time       -(0.529)                 25.803  
----------------------------------------  -----------------  ---------------  --------  ---------------------  ------  
Required Time                                                                                          25.803  
Arrival Time                                                                                        -(16.668)  
----------------------------------------  -----------------  ---------------  --------  ---------------------  ------  
Path Slack  (Passed)                                                                                    9.134  




++++ Path 8 ++++++++++++++++++++++++++++++++++++++++++++++++++++++++++ 

Path Begin       : lab1_counter_ei_inst/counter_44__i7/Q  (SLICE_R9C3D)
Path End         : {lab1_counter_ei_inst/counter_44__i6/SR   lab1_counter_ei_inst/counter_44__i7/SR}  (SLICE_R9C3D)
Source Clock     : lab1_counter_ei_inst/int_osc (R)
Destination Clock: lab1_counter_ei_inst/int_osc (R)
Logic Level      : 7
Delay Ratio      : 62.2% (route), 37.8% (logic)
Clock Skew       : 0.000 ns 
Setup Constraint : 20.833 ns 
Path Slack       : 9.134 ns  (Passed)


Source Clock Path
Name                                      Cell/Site Name     Delay Name       Incr      Arrival/Required Time  Fanout  
----------------------------------------  -----------------  ---------------  --------  ---------------------  ------  
lab1_counter_ei_inst.hf_osc/CLKHF         HFOSC_HFOSC_R1C32  CLOCK LATENCY       0.000                  0.000  15      
lab1_counter_ei_inst/int_osc                                 NET DELAY           5.499                  5.499  15      
{lab1_counter_ei_inst/counter_44__i6/CK   lab1_counter_ei_inst/counter_44__i7/CK}
                                                             CLOCK PIN           0.000                  5.499  1       


Data Path
Name                                      Cell/Site Name     Delay Name       Incr      Arrival/Required Time  Fanout  
----------------------------------------  -----------------  ---------------  --------  ---------------------  ------  
lab1_counter_ei_inst/counter_44__i7/CK->lab1_counter_ei_inst/counter_44__i7/Q
                                          SLICE_R9C3D        CLK_TO_Q1_DELAY     1.388                  6.887  2       
lab1_counter_ei_inst/counter[6]                              NET DELAY           2.353                  9.240  2       
lab1_counter_ei_inst/i2_4_lut/C->lab1_counter_ei_inst/i2_4_lut/Z
                                          SLICE_R10C5A       D0_TO_F0_DELAY      0.476                  9.716  1       
lab1_counter_ei_inst/n163                                    NET DELAY           0.304                 10.020  1       
lab1_counter_ei_inst/i1_4_lut/B->lab1_counter_ei_inst/i1_4_lut/Z
                                          SLICE_R10C5A       C1_TO_F1_DELAY      0.476                 10.496  1       
lab1_counter_ei_inst/n4                                      NET DELAY           0.304                 10.800  1       
lab1_counter_ei_inst/i1_4_lut_adj_1/D->lab1_counter_ei_inst/i1_4_lut_adj_1/Z
                                          SLICE_R10C5B       C0_TO_F0_DELAY      0.476                 11.276  1       
lab1_counter_ei_inst/n5                                      NET DELAY           0.304                 11.580  1       
lab1_counter_ei_inst/i1_4_lut_adj_2/B->lab1_counter_ei_inst/i1_4_lut_adj_2/Z
                                          SLICE_R10C5B       C1_TO_F1_DELAY      0.476                 12.056  1       
lab1_counter_ei_inst/n4_adj_21                               NET DELAY           0.304                 12.360  1       
lab1_counter_ei_inst/i2_4_lut_adj_3/D->lab1_counter_ei_inst/i2_4_lut_adj_3/Z
                                          SLICE_R10C5C       C0_TO_F0_DELAY      0.476                 12.836  1       
lab1_counter_ei_inst/n166                                    NET DELAY           0.304                 13.140  1       
lab1_counter_ei_inst/i2_4_lut_adj_4/C->lab1_counter_ei_inst/i2_4_lut_adj_4/Z
                                          SLICE_R10C5C       C1_TO_F1_DELAY      0.449                 13.589  14      
lab1_counter_ei_inst/n4_adj_22                               NET DELAY           3.080                 16.669  14      
{lab1_counter_ei_inst/counter_44__i6/SR   lab1_counter_ei_inst/counter_44__i7/SR}
                                                             ENDPOINT            0.000                 16.669  1       


Destination Clock Path
Name                                      Cell/Site Name     Delay Name       Incr      Arrival/Required Time  Fanout  
----------------------------------------  -----------------  ---------------  --------  ---------------------  ------  
                                                             CONSTRAINT          0.000                 20.833  1       
lab1_counter_ei_inst.hf_osc/CLKHF         HFOSC_HFOSC_R1C32  CLOCK LATENCY       0.000                 20.833  15      
lab1_counter_ei_inst/int_osc                                 NET DELAY           5.499                 26.332  15      
{lab1_counter_ei_inst/counter_44__i6/CK   lab1_counter_ei_inst/counter_44__i7/CK}
                                                             CLOCK PIN           0.000                 26.332  1       
                                                             Uncertainty      -(0.000)                 26.332  
                                                             Setup time       -(0.529)                 25.803  
----------------------------------------  -----------------  ---------------  --------  ---------------------  ------  
Required Time                                                                                          25.803  
Arrival Time                                                                                        -(16.668)  
----------------------------------------  -----------------  ---------------  --------  ---------------------  ------  
Path Slack  (Passed)                                                                                    9.134  




++++ Path 9 ++++++++++++++++++++++++++++++++++++++++++++++++++++++++++ 

Path Begin       : lab1_counter_ei_inst/counter_44__i7/Q  (SLICE_R9C3D)
Path End         : lab1_counter_ei_inst/led/D  (SLICE_R10C3D)
Source Clock     : lab1_counter_ei_inst/int_osc (R)
Destination Clock: lab1_counter_ei_inst/int_osc (R)
Logic Level      : 8
Delay Ratio      : 58.6% (route), 41.4% (logic)
Clock Skew       : 0.000 ns 
Setup Constraint : 20.833 ns 
Path Slack       : 9.306 ns  (Passed)


Source Clock Path
Name                                      Cell/Site Name     Delay Name       Incr      Arrival/Required Time  Fanout  
----------------------------------------  -----------------  ---------------  --------  ---------------------  ------  
lab1_counter_ei_inst.hf_osc/CLKHF         HFOSC_HFOSC_R1C32  CLOCK LATENCY       0.000                  0.000  15      
lab1_counter_ei_inst/int_osc                                 NET DELAY           5.499                  5.499  15      
{lab1_counter_ei_inst/counter_44__i6/CK   lab1_counter_ei_inst/counter_44__i7/CK}
                                                             CLOCK PIN           0.000                  5.499  1       


Data Path
Name                                      Cell/Site Name     Delay Name       Incr      Arrival/Required Time  Fanout  
----------------------------------------  -----------------  ---------------  --------  ---------------------  ------  
lab1_counter_ei_inst/counter_44__i7/CK->lab1_counter_ei_inst/counter_44__i7/Q
                                          SLICE_R9C3D        CLK_TO_Q1_DELAY     1.388                  6.887  2       
lab1_counter_ei_inst/counter[6]                              NET DELAY           2.353                  9.240  2       
lab1_counter_ei_inst/i2_4_lut/C->lab1_counter_ei_inst/i2_4_lut/Z
                                          SLICE_R10C5A       D0_TO_F0_DELAY      0.476                  9.716  1       
lab1_counter_ei_inst/n163                                    NET DELAY           0.304                 10.020  1       
lab1_counter_ei_inst/i1_4_lut/B->lab1_counter_ei_inst/i1_4_lut/Z
                                          SLICE_R10C5A       C1_TO_F1_DELAY      0.476                 10.496  1       
lab1_counter_ei_inst/n4                                      NET DELAY           0.304                 10.800  1       
lab1_counter_ei_inst/i1_4_lut_adj_1/D->lab1_counter_ei_inst/i1_4_lut_adj_1/Z
                                          SLICE_R10C5B       C0_TO_F0_DELAY      0.476                 11.276  1       
lab1_counter_ei_inst/n5                                      NET DELAY           0.304                 11.580  1       
lab1_counter_ei_inst/i1_4_lut_adj_2/B->lab1_counter_ei_inst/i1_4_lut_adj_2/Z
                                          SLICE_R10C5B       C1_TO_F1_DELAY      0.476                 12.056  1       
lab1_counter_ei_inst/n4_adj_21                               NET DELAY           0.304                 12.360  1       
lab1_counter_ei_inst/i2_4_lut_adj_3/D->lab1_counter_ei_inst/i2_4_lut_adj_3/Z
                                          SLICE_R10C5C       C0_TO_F0_DELAY      0.476                 12.836  1       
lab1_counter_ei_inst/n166                                    NET DELAY           0.304                 13.140  1       
lab1_counter_ei_inst/i2_4_lut_adj_4/C->lab1_counter_ei_inst/i2_4_lut_adj_4/Z
                                          SLICE_R10C5C       C1_TO_F1_DELAY      0.449                 13.589  14      
lab1_counter_ei_inst/n4_adj_22                               NET DELAY           2.763                 16.352  14      
lab1_counter_ei_inst/i16_2_lut/B->lab1_counter_ei_inst/i16_2_lut/Z
                                          SLICE_R10C3D       D0_TO_F0_DELAY      0.476                 16.828  1       
lab1_counter_ei_inst/led_c_2__N_20                           NET DELAY           0.000                 16.828  1       
lab1_counter_ei_inst/led/D                                   ENDPOINT            0.000                 16.828  1       


Destination Clock Path
Name                                      Cell/Site Name     Delay Name       Incr      Arrival/Required Time  Fanout  
----------------------------------------  -----------------  ---------------  --------  ---------------------  ------  
                                                             CONSTRAINT          0.000                 20.833  1       
lab1_counter_ei_inst.hf_osc/CLKHF         HFOSC_HFOSC_R1C32  CLOCK LATENCY       0.000                 20.833  15      
lab1_counter_ei_inst/int_osc                                 NET DELAY           5.499                 26.332  15      
lab1_counter_ei_inst/led/CK                                  CLOCK PIN           0.000                 26.332  1       
                                                             Uncertainty      -(0.000)                 26.332  
                                                             Setup time       -(0.198)                 26.134  
----------------------------------------  -----------------  ---------------  --------  ---------------------  ------  
Required Time                                                                                          26.134  
Arrival Time                                                                                        -(16.827)  
----------------------------------------  -----------------  ---------------  --------  ---------------------  ------  
Path Slack  (Passed)                                                                                    9.306  




++++ Path 10 ++++++++++++++++++++++++++++++++++++++++++++++++++++++++++ 

Path Begin       : lab1_counter_ei_inst/counter_44__i1/Q  (SLICE_R9C3A)
Path End         : lab1_counter_ei_inst/counter_44__i21/D  (SLICE_R9C5C)
Source Clock     : lab1_counter_ei_inst/int_osc (R)
Destination Clock: lab1_counter_ei_inst/int_osc (R)
Logic Level      : 22
Delay Ratio      : 33.7% (route), 66.3% (logic)
Clock Skew       : 0.000 ns 
Setup Constraint : 20.833 ns 
Path Slack       : 9.372 ns  (Passed)


Source Clock Path
Name                                      Cell/Site Name     Delay Name           Incr      Arrival/Required Time  Fanout  
----------------------------------------  -----------------  -------------------  --------  ---------------------  ------  
lab1_counter_ei_inst.hf_osc/CLKHF         HFOSC_HFOSC_R1C32  CLOCK LATENCY           0.000                  0.000  15      
lab1_counter_ei_inst/int_osc                                 NET DELAY               5.499                  5.499  15      
lab1_counter_ei_inst/counter_44__i1/CK                       CLOCK PIN               0.000                  5.499  1       


Data Path
Name                                      Cell/Site Name     Delay Name           Incr      Arrival/Required Time  Fanout  
----------------------------------------  -----------------  -------------------  --------  ---------------------  ------  
lab1_counter_ei_inst/counter_44__i1/CK->lab1_counter_ei_inst/counter_44__i1/Q
                                          SLICE_R9C3A        CLK_TO_Q1_DELAY         1.388                  6.887  1       
lab1_counter_ei_inst/n25                                     NET DELAY               2.022                  8.909  1       
lab1_counter_ei_inst/counter_44_add_4_1/C1->lab1_counter_ei_inst/counter_44_add_4_1/CO1
                                          SLICE_R9C3A        C1_TO_COUT1_DELAY       0.343                  9.252  2       
lab1_counter_ei_inst/n60                                     NET DELAY               0.000                  9.252  2       
lab1_counter_ei_inst/counter_44_add_4_3/CI0->lab1_counter_ei_inst/counter_44_add_4_3/CO0
                                          SLICE_R9C3B        CIN0_TO_COUT0_DELAY     0.277                  9.529  2       
lab1_counter_ei_inst/n407                                    NET DELAY               0.000                  9.529  2       
lab1_counter_ei_inst/counter_44_add_4_3/CI1->lab1_counter_ei_inst/counter_44_add_4_3/CO1
                                          SLICE_R9C3B        CIN1_TO_COUT1_DELAY     0.277                  9.806  2       
lab1_counter_ei_inst/n62                                     NET DELAY               0.000                  9.806  2       
lab1_counter_ei_inst/counter_44_add_4_5/CI0->lab1_counter_ei_inst/counter_44_add_4_5/CO0
                                          SLICE_R9C3C        CIN0_TO_COUT0_DELAY     0.277                 10.083  2       
lab1_counter_ei_inst/n410                                    NET DELAY               0.000                 10.083  2       
lab1_counter_ei_inst/counter_44_add_4_5/CI1->lab1_counter_ei_inst/counter_44_add_4_5/CO1
                                          SLICE_R9C3C        CIN1_TO_COUT1_DELAY     0.277                 10.360  2       
lab1_counter_ei_inst/n64                                     NET DELAY               0.000                 10.360  2       
lab1_counter_ei_inst/counter_44_add_4_7/CI0->lab1_counter_ei_inst/counter_44_add_4_7/CO0
                                          SLICE_R9C3D        CIN0_TO_COUT0_DELAY     0.277                 10.637  2       
lab1_counter_ei_inst/n413                                    NET DELAY               0.000                 10.637  2       
lab1_counter_ei_inst/counter_44_add_4_7/CI1->lab1_counter_ei_inst/counter_44_add_4_7/CO1
                                          SLICE_R9C3D        CIN1_TO_COUT1_DELAY     0.277                 10.914  2       
lab1_counter_ei_inst/n66                                     NET DELAY               0.555                 11.469  2       
lab1_counter_ei_inst/counter_44_add_4_9/CI0->lab1_counter_ei_inst/counter_44_add_4_9/CO0
                                          SLICE_R9C4A        CIN0_TO_COUT0_DELAY     0.277                 11.746  2       
lab1_counter_ei_inst/n416                                    NET DELAY               0.000                 11.746  2       
lab1_counter_ei_inst/counter_44_add_4_9/CI1->lab1_counter_ei_inst/counter_44_add_4_9/CO1
                                          SLICE_R9C4A        CIN1_TO_COUT1_DELAY     0.277                 12.023  2       
lab1_counter_ei_inst/n68                                     NET DELAY               0.000                 12.023  2       
lab1_counter_ei_inst/counter_44_add_4_11/CI0->lab1_counter_ei_inst/counter_44_add_4_11/CO0
                                          SLICE_R9C4B        CIN0_TO_COUT0_DELAY     0.277                 12.300  2       
lab1_counter_ei_inst/n419                                    NET DELAY               0.000                 12.300  2       
lab1_counter_ei_inst/counter_44_add_4_11/CI1->lab1_counter_ei_inst/counter_44_add_4_11/CO1
                                          SLICE_R9C4B        CIN1_TO_COUT1_DELAY     0.277                 12.577  2       
lab1_counter_ei_inst/n70                                     NET DELAY               0.000                 12.577  2       
lab1_counter_ei_inst/counter_44_add_4_13/CI0->lab1_counter_ei_inst/counter_44_add_4_13/CO0
                                          SLICE_R9C4C        CIN0_TO_COUT0_DELAY     0.277                 12.854  2       
lab1_counter_ei_inst/n422                                    NET DELAY               0.000                 12.854  2       
lab1_counter_ei_inst/counter_44_add_4_13/CI1->lab1_counter_ei_inst/counter_44_add_4_13/CO1
                                          SLICE_R9C4C        CIN1_TO_COUT1_DELAY     0.277                 13.131  2       
lab1_counter_ei_inst/n72                                     NET DELAY               0.000                 13.131  2       
lab1_counter_ei_inst/counter_44_add_4_15/CI0->lab1_counter_ei_inst/counter_44_add_4_15/CO0
                                          SLICE_R9C4D        CIN0_TO_COUT0_DELAY     0.277                 13.408  2       
lab1_counter_ei_inst/n425                                    NET DELAY               0.000                 13.408  2       
lab1_counter_ei_inst/counter_44_add_4_15/CI1->lab1_counter_ei_inst/counter_44_add_4_15/CO1
                                          SLICE_R9C4D        CIN1_TO_COUT1_DELAY     0.277                 13.685  2       
lab1_counter_ei_inst/n74                                     NET DELAY               0.555                 14.240  2       
lab1_counter_ei_inst/counter_44_add_4_17/CI0->lab1_counter_ei_inst/counter_44_add_4_17/CO0
                                          SLICE_R9C5A        CIN0_TO_COUT0_DELAY     0.277                 14.517  2       
lab1_counter_ei_inst/n428                                    NET DELAY               0.000                 14.517  2       
lab1_counter_ei_inst/counter_44_add_4_17/CI1->lab1_counter_ei_inst/counter_44_add_4_17/CO1
                                          SLICE_R9C5A        CIN1_TO_COUT1_DELAY     0.277                 14.794  2       
lab1_counter_ei_inst/n76                                     NET DELAY               0.000                 14.794  2       
lab1_counter_ei_inst/counter_44_add_4_19/CI0->lab1_counter_ei_inst/counter_44_add_4_19/CO0
                                          SLICE_R9C5B        CIN0_TO_COUT0_DELAY     0.277                 15.071  2       
lab1_counter_ei_inst/n431                                    NET DELAY               0.000                 15.071  2       
lab1_counter_ei_inst/counter_44_add_4_19/CI1->lab1_counter_ei_inst/counter_44_add_4_19/CO1
                                          SLICE_R9C5B        CIN1_TO_COUT1_DELAY     0.277                 15.348  2       
lab1_counter_ei_inst/n78                                     NET DELAY               0.000                 15.348  2       
lab1_counter_ei_inst/counter_44_add_4_21/CI0->lab1_counter_ei_inst/counter_44_add_4_21/CO0
                                          SLICE_R9C5C        CIN0_TO_COUT0_DELAY     0.277                 15.625  2       
lab1_counter_ei_inst/n434                                    NET DELAY               0.661                 16.286  2       
lab1_counter_ei_inst/counter_44_add_4_21/D1->lab1_counter_ei_inst/counter_44_add_4_21/S1
                                          SLICE_R9C5C        D1_TO_F1_DELAY          0.476                 16.762  1       
lab1_counter_ei_inst/n105[20]                                NET DELAY               0.000                 16.762  1       
lab1_counter_ei_inst/counter_44__i21/D                       ENDPOINT                0.000                 16.762  1       


Destination Clock Path
Name                                      Cell/Site Name     Delay Name           Incr      Arrival/Required Time  Fanout  
----------------------------------------  -----------------  -------------------  --------  ---------------------  ------  
                                                             CONSTRAINT              0.000                 20.833  1       
lab1_counter_ei_inst.hf_osc/CLKHF         HFOSC_HFOSC_R1C32  CLOCK LATENCY           0.000                 20.833  15      
lab1_counter_ei_inst/int_osc                                 NET DELAY               5.499                 26.332  15      
{lab1_counter_ei_inst/counter_44__i20/CK   lab1_counter_ei_inst/counter_44__i21/CK}
                                                             CLOCK PIN               0.000                 26.332  1       
                                                             Uncertainty          -(0.000)                 26.332  
                                                             Setup time           -(0.198)                 26.134  
----------------------------------------  -----------------  -------------------  --------  ---------------------  ------  
Required Time                                                                                              26.134  
Arrival Time                                                                                            -(16.761)  
----------------------------------------  -----------------  -------------------  --------  ---------------------  ------  
Path Slack  (Passed)                                                                                        9.372  



+++++++++++++++++++++++++++++++++++++++++++++++++++++++++++++++++++++ 
                    End of Detailed Report for timing paths 
+++++++++++++++++++++++++++++++++++++++++++++++++++++++++++++++++++++ 


##########################################################



===============================================================
3  Hold at Speed Grade m Corner at -40 Degrees
===============================================================

3.1  Endpoint slacks
=======================
-------------------------------------------------------
          Listing 10 End Points          |    Slack    
-------------------------------------------------------
lab1_counter_ei_inst/counter_44__i16/D   |    1.913 ns 
lab1_counter_ei_inst/counter_44__i17/D   |    1.913 ns 
lab1_counter_ei_inst/counter_44__i18/D   |    1.913 ns 
lab1_counter_ei_inst/counter_44__i19/D   |    1.913 ns 
lab1_counter_ei_inst/counter_44__i20/D   |    1.913 ns 
lab1_counter_ei_inst/counter_44__i21/D   |    1.913 ns 
lab1_counter_ei_inst/counter_44__i22/D   |    1.913 ns 
lab1_counter_ei_inst/counter_44__i23/D   |    1.913 ns 
lab1_counter_ei_inst/counter_44__i24/D   |    1.913 ns 
lab1_counter_ei_inst/counter_44__i25/D   |    1.913 ns 
-------------------------------------------------------
                                         |             
Hold # of endpoints with negative slack: |           0 
                                         |             
-------------------------------------------------------

3.2  Detailed Report
=======================


XXXXXXXXXXXXXXXXXXXXXXXXXXXXXXXXXXXXXXXXXXXXXXXXXXXXXXXXXX

Detail report of critical paths

XXXXXXXXXXXXXXXXXXXXXXXXXXXXXXXXXXXXXXXXXXXXXXXXXXXXXXXXXX

+++++++++++++++++++++++++++++++++++++++++++++++++++++++++++++++++++++ 
                    Detailed Report for timing paths 
+++++++++++++++++++++++++++++++++++++++++++++++++++++++++++++++++++++ 

++++ Path 1 ++++++++++++++++++++++++++++++++++++++++++++++++++++++++++ 

Path Begin       : lab1_counter_ei_inst/counter_44__i16/Q  (SLICE_R9C5A)
Path End         : lab1_counter_ei_inst/counter_44__i16/D  (SLICE_R9C5A)
Source Clock     : lab1_counter_ei_inst/int_osc (R)
Destination Clock: lab1_counter_ei_inst/int_osc (R)
Logic Level      : 2
Delay Ratio      : 46.1% (route), 53.9% (logic)
Clock Skew       : 0.000 ns 
Hold Constraint  : 0.000 ns 
Path Slack       : 1.913 ns  (Passed)


Source Clock Path
Name                                      Cell/Site Name     Delay Name       Incr   Arrival/Required Time  Fanout  
----------------------------------------  -----------------  ---------------  -----  ---------------------  ------  
lab1_counter_ei_inst.hf_osc/CLKHF         HFOSC_HFOSC_R1C32  CLOCK LATENCY    0.000                  0.000  16      
lab1_counter_ei_inst/int_osc                                 NET DELAY        3.084                  3.084  16      
{lab1_counter_ei_inst/counter_44__i16/CK   lab1_counter_ei_inst/counter_44__i17/CK}
                                                             CLOCK PIN        0.000                  3.084  1       


Data Path
Name                                      Cell/Site Name     Delay Name       Incr   Arrival/Required Time  Fanout  
----------------------------------------  -----------------  ---------------  -----  ---------------------  ------  
lab1_counter_ei_inst/counter_44__i16/CK->lab1_counter_ei_inst/counter_44__i16/Q
                                          SLICE_R9C5A        CLK_TO_Q0_DELAY  0.779                  3.863  2       
lab1_counter_ei_inst/counter[15]                             NET DELAY        0.882                  4.745  2       
lab1_counter_ei_inst/counter_44_add_4_17/C0->lab1_counter_ei_inst/counter_44_add_4_17/S0
                                          SLICE_R9C5A        C0_TO_F0_DELAY   0.252                  4.997  1       
lab1_counter_ei_inst/n105[15]                                NET DELAY        0.000                  4.997  1       
lab1_counter_ei_inst/counter_44__i16/D                       ENDPOINT         0.000                  4.997  1       


Destination Clock Path
Name                                      Cell/Site Name     Delay Name       Incr   Arrival/Required Time  Fanout  
----------------------------------------  -----------------  ---------------  -----  ---------------------  ------  
                                                             CONSTRAINT       0.000                  0.000  1       
lab1_counter_ei_inst.hf_osc/CLKHF         HFOSC_HFOSC_R1C32  CLOCK LATENCY    0.000                  0.000  16      
lab1_counter_ei_inst/int_osc                                 NET DELAY        3.084                  3.084  16      
{lab1_counter_ei_inst/counter_44__i16/CK   lab1_counter_ei_inst/counter_44__i17/CK}
                                                             CLOCK PIN        0.000                  3.084  1       
                                                             Uncertainty      0.000                  3.084  
                                                             Hold time        0.000                  3.084  
----------------------------------------  -----------------  ---------------  -----  ---------------------  ------  
Required Time                                                                                       -3.084  
Arrival Time                                                                                         4.997  
----------------------------------------  -----------------  ---------------  -----  ---------------------  ------  
Path Slack  (Passed)                                                                                 1.913  




++++ Path 2 ++++++++++++++++++++++++++++++++++++++++++++++++++++++++++ 

Path Begin       : lab1_counter_ei_inst/counter_44__i17/Q  (SLICE_R9C5A)
Path End         : lab1_counter_ei_inst/counter_44__i17/D  (SLICE_R9C5A)
Source Clock     : lab1_counter_ei_inst/int_osc (R)
Destination Clock: lab1_counter_ei_inst/int_osc (R)
Logic Level      : 2
Delay Ratio      : 46.1% (route), 53.9% (logic)
Clock Skew       : 0.000 ns 
Hold Constraint  : 0.000 ns 
Path Slack       : 1.913 ns  (Passed)


Source Clock Path
Name                                      Cell/Site Name     Delay Name       Incr   Arrival/Required Time  Fanout  
----------------------------------------  -----------------  ---------------  -----  ---------------------  ------  
lab1_counter_ei_inst.hf_osc/CLKHF         HFOSC_HFOSC_R1C32  CLOCK LATENCY    0.000                  0.000  16      
lab1_counter_ei_inst/int_osc                                 NET DELAY        3.084                  3.084  16      
{lab1_counter_ei_inst/counter_44__i16/CK   lab1_counter_ei_inst/counter_44__i17/CK}
                                                             CLOCK PIN        0.000                  3.084  1       


Data Path
Name                                      Cell/Site Name     Delay Name       Incr   Arrival/Required Time  Fanout  
----------------------------------------  -----------------  ---------------  -----  ---------------------  ------  
lab1_counter_ei_inst/counter_44__i17/CK->lab1_counter_ei_inst/counter_44__i17/Q
                                          SLICE_R9C5A        CLK_TO_Q1_DELAY  0.779                  3.863  2       
lab1_counter_ei_inst/counter[16]                             NET DELAY        0.882                  4.745  2       
lab1_counter_ei_inst/counter_44_add_4_17/C1->lab1_counter_ei_inst/counter_44_add_4_17/S1
                                          SLICE_R9C5A        C1_TO_F1_DELAY   0.252                  4.997  1       
lab1_counter_ei_inst/n105[16]                                NET DELAY        0.000                  4.997  1       
lab1_counter_ei_inst/counter_44__i17/D                       ENDPOINT         0.000                  4.997  1       


Destination Clock Path
Name                                      Cell/Site Name     Delay Name       Incr   Arrival/Required Time  Fanout  
----------------------------------------  -----------------  ---------------  -----  ---------------------  ------  
                                                             CONSTRAINT       0.000                  0.000  1       
lab1_counter_ei_inst.hf_osc/CLKHF         HFOSC_HFOSC_R1C32  CLOCK LATENCY    0.000                  0.000  16      
lab1_counter_ei_inst/int_osc                                 NET DELAY        3.084                  3.084  16      
{lab1_counter_ei_inst/counter_44__i16/CK   lab1_counter_ei_inst/counter_44__i17/CK}
                                                             CLOCK PIN        0.000                  3.084  1       
                                                             Uncertainty      0.000                  3.084  
                                                             Hold time        0.000                  3.084  
----------------------------------------  -----------------  ---------------  -----  ---------------------  ------  
Required Time                                                                                       -3.084  
Arrival Time                                                                                         4.997  
----------------------------------------  -----------------  ---------------  -----  ---------------------  ------  
Path Slack  (Passed)                                                                                 1.913  




++++ Path 3 ++++++++++++++++++++++++++++++++++++++++++++++++++++++++++ 

Path Begin       : lab1_counter_ei_inst/counter_44__i18/Q  (SLICE_R9C5B)
Path End         : lab1_counter_ei_inst/counter_44__i18/D  (SLICE_R9C5B)
Source Clock     : lab1_counter_ei_inst/int_osc (R)
Destination Clock: lab1_counter_ei_inst/int_osc (R)
Logic Level      : 2
Delay Ratio      : 46.1% (route), 53.9% (logic)
Clock Skew       : 0.000 ns 
Hold Constraint  : 0.000 ns 
Path Slack       : 1.913 ns  (Passed)


Source Clock Path
Name                                      Cell/Site Name     Delay Name       Incr   Arrival/Required Time  Fanout  
----------------------------------------  -----------------  ---------------  -----  ---------------------  ------  
lab1_counter_ei_inst.hf_osc/CLKHF         HFOSC_HFOSC_R1C32  CLOCK LATENCY    0.000                  0.000  16      
lab1_counter_ei_inst/int_osc                                 NET DELAY        3.084                  3.084  16      
{lab1_counter_ei_inst/counter_44__i18/CK   lab1_counter_ei_inst/counter_44__i19/CK}
                                                             CLOCK PIN        0.000                  3.084  1       


Data Path
Name                                      Cell/Site Name     Delay Name       Incr   Arrival/Required Time  Fanout  
----------------------------------------  -----------------  ---------------  -----  ---------------------  ------  
lab1_counter_ei_inst/counter_44__i18/CK->lab1_counter_ei_inst/counter_44__i18/Q
                                          SLICE_R9C5B        CLK_TO_Q0_DELAY  0.779                  3.863  2       
lab1_counter_ei_inst/counter[17]                             NET DELAY        0.882                  4.745  2       
lab1_counter_ei_inst/counter_44_add_4_19/C0->lab1_counter_ei_inst/counter_44_add_4_19/S0
                                          SLICE_R9C5B        C0_TO_F0_DELAY   0.252                  4.997  1       
lab1_counter_ei_inst/n105[17]                                NET DELAY        0.000                  4.997  1       
lab1_counter_ei_inst/counter_44__i18/D                       ENDPOINT         0.000                  4.997  1       


Destination Clock Path
Name                                      Cell/Site Name     Delay Name       Incr   Arrival/Required Time  Fanout  
----------------------------------------  -----------------  ---------------  -----  ---------------------  ------  
                                                             CONSTRAINT       0.000                  0.000  1       
lab1_counter_ei_inst.hf_osc/CLKHF         HFOSC_HFOSC_R1C32  CLOCK LATENCY    0.000                  0.000  16      
lab1_counter_ei_inst/int_osc                                 NET DELAY        3.084                  3.084  16      
{lab1_counter_ei_inst/counter_44__i18/CK   lab1_counter_ei_inst/counter_44__i19/CK}
                                                             CLOCK PIN        0.000                  3.084  1       
                                                             Uncertainty      0.000                  3.084  
                                                             Hold time        0.000                  3.084  
----------------------------------------  -----------------  ---------------  -----  ---------------------  ------  
Required Time                                                                                       -3.084  
Arrival Time                                                                                         4.997  
----------------------------------------  -----------------  ---------------  -----  ---------------------  ------  
Path Slack  (Passed)                                                                                 1.913  




++++ Path 4 ++++++++++++++++++++++++++++++++++++++++++++++++++++++++++ 

Path Begin       : lab1_counter_ei_inst/counter_44__i19/Q  (SLICE_R9C5B)
Path End         : lab1_counter_ei_inst/counter_44__i19/D  (SLICE_R9C5B)
Source Clock     : lab1_counter_ei_inst/int_osc (R)
Destination Clock: lab1_counter_ei_inst/int_osc (R)
Logic Level      : 2
Delay Ratio      : 46.1% (route), 53.9% (logic)
Clock Skew       : 0.000 ns 
Hold Constraint  : 0.000 ns 
Path Slack       : 1.913 ns  (Passed)


Source Clock Path
Name                                      Cell/Site Name     Delay Name       Incr   Arrival/Required Time  Fanout  
----------------------------------------  -----------------  ---------------  -----  ---------------------  ------  
lab1_counter_ei_inst.hf_osc/CLKHF         HFOSC_HFOSC_R1C32  CLOCK LATENCY    0.000                  0.000  16      
lab1_counter_ei_inst/int_osc                                 NET DELAY        3.084                  3.084  16      
{lab1_counter_ei_inst/counter_44__i18/CK   lab1_counter_ei_inst/counter_44__i19/CK}
                                                             CLOCK PIN        0.000                  3.084  1       


Data Path
Name                                      Cell/Site Name     Delay Name       Incr   Arrival/Required Time  Fanout  
----------------------------------------  -----------------  ---------------  -----  ---------------------  ------  
lab1_counter_ei_inst/counter_44__i19/CK->lab1_counter_ei_inst/counter_44__i19/Q
                                          SLICE_R9C5B        CLK_TO_Q1_DELAY  0.779                  3.863  2       
lab1_counter_ei_inst/counter[18]                             NET DELAY        0.882                  4.745  2       
lab1_counter_ei_inst/counter_44_add_4_19/C1->lab1_counter_ei_inst/counter_44_add_4_19/S1
                                          SLICE_R9C5B        C1_TO_F1_DELAY   0.252                  4.997  1       
lab1_counter_ei_inst/n105[18]                                NET DELAY        0.000                  4.997  1       
lab1_counter_ei_inst/counter_44__i19/D                       ENDPOINT         0.000                  4.997  1       


Destination Clock Path
Name                                      Cell/Site Name     Delay Name       Incr   Arrival/Required Time  Fanout  
----------------------------------------  -----------------  ---------------  -----  ---------------------  ------  
                                                             CONSTRAINT       0.000                  0.000  1       
lab1_counter_ei_inst.hf_osc/CLKHF         HFOSC_HFOSC_R1C32  CLOCK LATENCY    0.000                  0.000  16      
lab1_counter_ei_inst/int_osc                                 NET DELAY        3.084                  3.084  16      
{lab1_counter_ei_inst/counter_44__i18/CK   lab1_counter_ei_inst/counter_44__i19/CK}
                                                             CLOCK PIN        0.000                  3.084  1       
                                                             Uncertainty      0.000                  3.084  
                                                             Hold time        0.000                  3.084  
----------------------------------------  -----------------  ---------------  -----  ---------------------  ------  
Required Time                                                                                       -3.084  
Arrival Time                                                                                         4.997  
----------------------------------------  -----------------  ---------------  -----  ---------------------  ------  
Path Slack  (Passed)                                                                                 1.913  




++++ Path 5 ++++++++++++++++++++++++++++++++++++++++++++++++++++++++++ 

Path Begin       : lab1_counter_ei_inst/counter_44__i20/Q  (SLICE_R9C5C)
Path End         : lab1_counter_ei_inst/counter_44__i20/D  (SLICE_R9C5C)
Source Clock     : lab1_counter_ei_inst/int_osc (R)
Destination Clock: lab1_counter_ei_inst/int_osc (R)
Logic Level      : 2
Delay Ratio      : 46.1% (route), 53.9% (logic)
Clock Skew       : 0.000 ns 
Hold Constraint  : 0.000 ns 
Path Slack       : 1.913 ns  (Passed)


Source Clock Path
Name                                      Cell/Site Name     Delay Name       Incr   Arrival/Required Time  Fanout  
----------------------------------------  -----------------  ---------------  -----  ---------------------  ------  
lab1_counter_ei_inst.hf_osc/CLKHF         HFOSC_HFOSC_R1C32  CLOCK LATENCY    0.000                  0.000  16      
lab1_counter_ei_inst/int_osc                                 NET DELAY        3.084                  3.084  16      
{lab1_counter_ei_inst/counter_44__i20/CK   lab1_counter_ei_inst/counter_44__i21/CK}
                                                             CLOCK PIN        0.000                  3.084  1       


Data Path
Name                                      Cell/Site Name     Delay Name       Incr   Arrival/Required Time  Fanout  
----------------------------------------  -----------------  ---------------  -----  ---------------------  ------  
lab1_counter_ei_inst/counter_44__i20/CK->lab1_counter_ei_inst/counter_44__i20/Q
                                          SLICE_R9C5C        CLK_TO_Q0_DELAY  0.779                  3.863  2       
lab1_counter_ei_inst/counter[19]                             NET DELAY        0.882                  4.745  2       
lab1_counter_ei_inst/counter_44_add_4_21/C0->lab1_counter_ei_inst/counter_44_add_4_21/S0
                                          SLICE_R9C5C        C0_TO_F0_DELAY   0.252                  4.997  1       
lab1_counter_ei_inst/n105[19]                                NET DELAY        0.000                  4.997  1       
lab1_counter_ei_inst/counter_44__i20/D                       ENDPOINT         0.000                  4.997  1       


Destination Clock Path
Name                                      Cell/Site Name     Delay Name       Incr   Arrival/Required Time  Fanout  
----------------------------------------  -----------------  ---------------  -----  ---------------------  ------  
                                                             CONSTRAINT       0.000                  0.000  1       
lab1_counter_ei_inst.hf_osc/CLKHF         HFOSC_HFOSC_R1C32  CLOCK LATENCY    0.000                  0.000  16      
lab1_counter_ei_inst/int_osc                                 NET DELAY        3.084                  3.084  16      
{lab1_counter_ei_inst/counter_44__i20/CK   lab1_counter_ei_inst/counter_44__i21/CK}
                                                             CLOCK PIN        0.000                  3.084  1       
                                                             Uncertainty      0.000                  3.084  
                                                             Hold time        0.000                  3.084  
----------------------------------------  -----------------  ---------------  -----  ---------------------  ------  
Required Time                                                                                       -3.084  
Arrival Time                                                                                         4.997  
----------------------------------------  -----------------  ---------------  -----  ---------------------  ------  
Path Slack  (Passed)                                                                                 1.913  




++++ Path 6 ++++++++++++++++++++++++++++++++++++++++++++++++++++++++++ 

Path Begin       : lab1_counter_ei_inst/counter_44__i21/Q  (SLICE_R9C5C)
Path End         : lab1_counter_ei_inst/counter_44__i21/D  (SLICE_R9C5C)
Source Clock     : lab1_counter_ei_inst/int_osc (R)
Destination Clock: lab1_counter_ei_inst/int_osc (R)
Logic Level      : 2
Delay Ratio      : 46.1% (route), 53.9% (logic)
Clock Skew       : 0.000 ns 
Hold Constraint  : 0.000 ns 
Path Slack       : 1.913 ns  (Passed)


Source Clock Path
Name                                      Cell/Site Name     Delay Name       Incr   Arrival/Required Time  Fanout  
----------------------------------------  -----------------  ---------------  -----  ---------------------  ------  
lab1_counter_ei_inst.hf_osc/CLKHF         HFOSC_HFOSC_R1C32  CLOCK LATENCY    0.000                  0.000  16      
lab1_counter_ei_inst/int_osc                                 NET DELAY        3.084                  3.084  16      
{lab1_counter_ei_inst/counter_44__i20/CK   lab1_counter_ei_inst/counter_44__i21/CK}
                                                             CLOCK PIN        0.000                  3.084  1       


Data Path
Name                                      Cell/Site Name     Delay Name       Incr   Arrival/Required Time  Fanout  
----------------------------------------  -----------------  ---------------  -----  ---------------------  ------  
lab1_counter_ei_inst/counter_44__i21/CK->lab1_counter_ei_inst/counter_44__i21/Q
                                          SLICE_R9C5C        CLK_TO_Q1_DELAY  0.779                  3.863  2       
lab1_counter_ei_inst/counter[20]                             NET DELAY        0.882                  4.745  2       
lab1_counter_ei_inst/counter_44_add_4_21/C1->lab1_counter_ei_inst/counter_44_add_4_21/S1
                                          SLICE_R9C5C        C1_TO_F1_DELAY   0.252                  4.997  1       
lab1_counter_ei_inst/n105[20]                                NET DELAY        0.000                  4.997  1       
lab1_counter_ei_inst/counter_44__i21/D                       ENDPOINT         0.000                  4.997  1       


Destination Clock Path
Name                                      Cell/Site Name     Delay Name       Incr   Arrival/Required Time  Fanout  
----------------------------------------  -----------------  ---------------  -----  ---------------------  ------  
                                                             CONSTRAINT       0.000                  0.000  1       
lab1_counter_ei_inst.hf_osc/CLKHF         HFOSC_HFOSC_R1C32  CLOCK LATENCY    0.000                  0.000  16      
lab1_counter_ei_inst/int_osc                                 NET DELAY        3.084                  3.084  16      
{lab1_counter_ei_inst/counter_44__i20/CK   lab1_counter_ei_inst/counter_44__i21/CK}
                                                             CLOCK PIN        0.000                  3.084  1       
                                                             Uncertainty      0.000                  3.084  
                                                             Hold time        0.000                  3.084  
----------------------------------------  -----------------  ---------------  -----  ---------------------  ------  
Required Time                                                                                       -3.084  
Arrival Time                                                                                         4.997  
----------------------------------------  -----------------  ---------------  -----  ---------------------  ------  
Path Slack  (Passed)                                                                                 1.913  




++++ Path 7 ++++++++++++++++++++++++++++++++++++++++++++++++++++++++++ 

Path Begin       : lab1_counter_ei_inst/counter_44__i22/Q  (SLICE_R9C5D)
Path End         : lab1_counter_ei_inst/counter_44__i22/D  (SLICE_R9C5D)
Source Clock     : lab1_counter_ei_inst/int_osc (R)
Destination Clock: lab1_counter_ei_inst/int_osc (R)
Logic Level      : 2
Delay Ratio      : 46.1% (route), 53.9% (logic)
Clock Skew       : 0.000 ns 
Hold Constraint  : 0.000 ns 
Path Slack       : 1.913 ns  (Passed)


Source Clock Path
Name                                      Cell/Site Name     Delay Name       Incr   Arrival/Required Time  Fanout  
----------------------------------------  -----------------  ---------------  -----  ---------------------  ------  
lab1_counter_ei_inst.hf_osc/CLKHF         HFOSC_HFOSC_R1C32  CLOCK LATENCY    0.000                  0.000  16      
lab1_counter_ei_inst/int_osc                                 NET DELAY        3.084                  3.084  16      
{lab1_counter_ei_inst/counter_44__i22/CK   lab1_counter_ei_inst/counter_44__i23/CK}
                                                             CLOCK PIN        0.000                  3.084  1       


Data Path
Name                                      Cell/Site Name     Delay Name       Incr   Arrival/Required Time  Fanout  
----------------------------------------  -----------------  ---------------  -----  ---------------------  ------  
lab1_counter_ei_inst/counter_44__i22/CK->lab1_counter_ei_inst/counter_44__i22/Q
                                          SLICE_R9C5D        CLK_TO_Q0_DELAY  0.779                  3.863  2       
lab1_counter_ei_inst/counter[21]                             NET DELAY        0.882                  4.745  2       
lab1_counter_ei_inst/counter_44_add_4_23/C0->lab1_counter_ei_inst/counter_44_add_4_23/S0
                                          SLICE_R9C5D        C0_TO_F0_DELAY   0.252                  4.997  1       
lab1_counter_ei_inst/n105[21]                                NET DELAY        0.000                  4.997  1       
lab1_counter_ei_inst/counter_44__i22/D                       ENDPOINT         0.000                  4.997  1       


Destination Clock Path
Name                                      Cell/Site Name     Delay Name       Incr   Arrival/Required Time  Fanout  
----------------------------------------  -----------------  ---------------  -----  ---------------------  ------  
                                                             CONSTRAINT       0.000                  0.000  1       
lab1_counter_ei_inst.hf_osc/CLKHF         HFOSC_HFOSC_R1C32  CLOCK LATENCY    0.000                  0.000  16      
lab1_counter_ei_inst/int_osc                                 NET DELAY        3.084                  3.084  16      
{lab1_counter_ei_inst/counter_44__i22/CK   lab1_counter_ei_inst/counter_44__i23/CK}
                                                             CLOCK PIN        0.000                  3.084  1       
                                                             Uncertainty      0.000                  3.084  
                                                             Hold time        0.000                  3.084  
----------------------------------------  -----------------  ---------------  -----  ---------------------  ------  
Required Time                                                                                       -3.084  
Arrival Time                                                                                         4.997  
----------------------------------------  -----------------  ---------------  -----  ---------------------  ------  
Path Slack  (Passed)                                                                                 1.913  




++++ Path 8 ++++++++++++++++++++++++++++++++++++++++++++++++++++++++++ 

Path Begin       : lab1_counter_ei_inst/counter_44__i23/Q  (SLICE_R9C5D)
Path End         : lab1_counter_ei_inst/counter_44__i23/D  (SLICE_R9C5D)
Source Clock     : lab1_counter_ei_inst/int_osc (R)
Destination Clock: lab1_counter_ei_inst/int_osc (R)
Logic Level      : 2
Delay Ratio      : 46.1% (route), 53.9% (logic)
Clock Skew       : 0.000 ns 
Hold Constraint  : 0.000 ns 
Path Slack       : 1.913 ns  (Passed)


Source Clock Path
Name                                      Cell/Site Name     Delay Name       Incr   Arrival/Required Time  Fanout  
----------------------------------------  -----------------  ---------------  -----  ---------------------  ------  
lab1_counter_ei_inst.hf_osc/CLKHF         HFOSC_HFOSC_R1C32  CLOCK LATENCY    0.000                  0.000  16      
lab1_counter_ei_inst/int_osc                                 NET DELAY        3.084                  3.084  16      
{lab1_counter_ei_inst/counter_44__i22/CK   lab1_counter_ei_inst/counter_44__i23/CK}
                                                             CLOCK PIN        0.000                  3.084  1       


Data Path
Name                                      Cell/Site Name     Delay Name       Incr   Arrival/Required Time  Fanout  
----------------------------------------  -----------------  ---------------  -----  ---------------------  ------  
lab1_counter_ei_inst/counter_44__i23/CK->lab1_counter_ei_inst/counter_44__i23/Q
                                          SLICE_R9C5D        CLK_TO_Q1_DELAY  0.779                  3.863  2       
lab1_counter_ei_inst/counter[22]                             NET DELAY        0.882                  4.745  2       
lab1_counter_ei_inst/counter_44_add_4_23/C1->lab1_counter_ei_inst/counter_44_add_4_23/S1
                                          SLICE_R9C5D        C1_TO_F1_DELAY   0.252                  4.997  1       
lab1_counter_ei_inst/n105[22]                                NET DELAY        0.000                  4.997  1       
lab1_counter_ei_inst/counter_44__i23/D                       ENDPOINT         0.000                  4.997  1       


Destination Clock Path
Name                                      Cell/Site Name     Delay Name       Incr   Arrival/Required Time  Fanout  
----------------------------------------  -----------------  ---------------  -----  ---------------------  ------  
                                                             CONSTRAINT       0.000                  0.000  1       
lab1_counter_ei_inst.hf_osc/CLKHF         HFOSC_HFOSC_R1C32  CLOCK LATENCY    0.000                  0.000  16      
lab1_counter_ei_inst/int_osc                                 NET DELAY        3.084                  3.084  16      
{lab1_counter_ei_inst/counter_44__i22/CK   lab1_counter_ei_inst/counter_44__i23/CK}
                                                             CLOCK PIN        0.000                  3.084  1       
                                                             Uncertainty      0.000                  3.084  
                                                             Hold time        0.000                  3.084  
----------------------------------------  -----------------  ---------------  -----  ---------------------  ------  
Required Time                                                                                       -3.084  
Arrival Time                                                                                         4.997  
----------------------------------------  -----------------  ---------------  -----  ---------------------  ------  
Path Slack  (Passed)                                                                                 1.913  




++++ Path 9 ++++++++++++++++++++++++++++++++++++++++++++++++++++++++++ 

Path Begin       : lab1_counter_ei_inst/counter_44__i24/Q  (SLICE_R9C6A)
Path End         : lab1_counter_ei_inst/counter_44__i24/D  (SLICE_R9C6A)
Source Clock     : lab1_counter_ei_inst/int_osc (R)
Destination Clock: lab1_counter_ei_inst/int_osc (R)
Logic Level      : 2
Delay Ratio      : 46.1% (route), 53.9% (logic)
Clock Skew       : 0.000 ns 
Hold Constraint  : 0.000 ns 
Path Slack       : 1.913 ns  (Passed)


Source Clock Path
Name                                      Cell/Site Name     Delay Name       Incr   Arrival/Required Time  Fanout  
----------------------------------------  -----------------  ---------------  -----  ---------------------  ------  
lab1_counter_ei_inst.hf_osc/CLKHF         HFOSC_HFOSC_R1C32  CLOCK LATENCY    0.000                  0.000  16      
lab1_counter_ei_inst/int_osc                                 NET DELAY        3.084                  3.084  16      
{lab1_counter_ei_inst/counter_44__i24/CK   lab1_counter_ei_inst/counter_44__i25/CK}
                                                             CLOCK PIN        0.000                  3.084  1       


Data Path
Name                                      Cell/Site Name     Delay Name       Incr   Arrival/Required Time  Fanout  
----------------------------------------  -----------------  ---------------  -----  ---------------------  ------  
lab1_counter_ei_inst/counter_44__i24/CK->lab1_counter_ei_inst/counter_44__i24/Q
                                          SLICE_R9C6A        CLK_TO_Q0_DELAY  0.779                  3.863  2       
lab1_counter_ei_inst/counter[23]                             NET DELAY        0.882                  4.745  2       
lab1_counter_ei_inst/counter_44_add_4_25/C0->lab1_counter_ei_inst/counter_44_add_4_25/S0
                                          SLICE_R9C6A        C0_TO_F0_DELAY   0.252                  4.997  1       
lab1_counter_ei_inst/n105[23]                                NET DELAY        0.000                  4.997  1       
lab1_counter_ei_inst/counter_44__i24/D                       ENDPOINT         0.000                  4.997  1       


Destination Clock Path
Name                                      Cell/Site Name     Delay Name       Incr   Arrival/Required Time  Fanout  
----------------------------------------  -----------------  ---------------  -----  ---------------------  ------  
                                                             CONSTRAINT       0.000                  0.000  1       
lab1_counter_ei_inst.hf_osc/CLKHF         HFOSC_HFOSC_R1C32  CLOCK LATENCY    0.000                  0.000  16      
lab1_counter_ei_inst/int_osc                                 NET DELAY        3.084                  3.084  16      
{lab1_counter_ei_inst/counter_44__i24/CK   lab1_counter_ei_inst/counter_44__i25/CK}
                                                             CLOCK PIN        0.000                  3.084  1       
                                                             Uncertainty      0.000                  3.084  
                                                             Hold time        0.000                  3.084  
----------------------------------------  -----------------  ---------------  -----  ---------------------  ------  
Required Time                                                                                       -3.084  
Arrival Time                                                                                         4.997  
----------------------------------------  -----------------  ---------------  -----  ---------------------  ------  
Path Slack  (Passed)                                                                                 1.913  




++++ Path 10 ++++++++++++++++++++++++++++++++++++++++++++++++++++++++++ 

Path Begin       : lab1_counter_ei_inst/counter_44__i25/Q  (SLICE_R9C6A)
Path End         : lab1_counter_ei_inst/counter_44__i25/D  (SLICE_R9C6A)
Source Clock     : lab1_counter_ei_inst/int_osc (R)
Destination Clock: lab1_counter_ei_inst/int_osc (R)
Logic Level      : 2
Delay Ratio      : 46.1% (route), 53.9% (logic)
Clock Skew       : 0.000 ns 
Hold Constraint  : 0.000 ns 
Path Slack       : 1.913 ns  (Passed)


Source Clock Path
Name                                      Cell/Site Name     Delay Name       Incr   Arrival/Required Time  Fanout  
----------------------------------------  -----------------  ---------------  -----  ---------------------  ------  
lab1_counter_ei_inst.hf_osc/CLKHF         HFOSC_HFOSC_R1C32  CLOCK LATENCY    0.000                  0.000  16      
lab1_counter_ei_inst/int_osc                                 NET DELAY        3.084                  3.084  16      
{lab1_counter_ei_inst/counter_44__i24/CK   lab1_counter_ei_inst/counter_44__i25/CK}
                                                             CLOCK PIN        0.000                  3.084  1       


Data Path
Name                                      Cell/Site Name     Delay Name       Incr   Arrival/Required Time  Fanout  
----------------------------------------  -----------------  ---------------  -----  ---------------------  ------  
lab1_counter_ei_inst/counter_44__i25/CK->lab1_counter_ei_inst/counter_44__i25/Q
                                          SLICE_R9C6A        CLK_TO_Q1_DELAY  0.779                  3.863  2       
lab1_counter_ei_inst/counter[24]                             NET DELAY        0.882                  4.745  2       
lab1_counter_ei_inst/counter_44_add_4_25/C1->lab1_counter_ei_inst/counter_44_add_4_25/S1
                                          SLICE_R9C6A        C1_TO_F1_DELAY   0.252                  4.997  1       
lab1_counter_ei_inst/n105[24]                                NET DELAY        0.000                  4.997  1       
lab1_counter_ei_inst/counter_44__i25/D                       ENDPOINT         0.000                  4.997  1       


Destination Clock Path
Name                                      Cell/Site Name     Delay Name       Incr   Arrival/Required Time  Fanout  
----------------------------------------  -----------------  ---------------  -----  ---------------------  ------  
                                                             CONSTRAINT       0.000                  0.000  1       
lab1_counter_ei_inst.hf_osc/CLKHF         HFOSC_HFOSC_R1C32  CLOCK LATENCY    0.000                  0.000  16      
lab1_counter_ei_inst/int_osc                                 NET DELAY        3.084                  3.084  16      
{lab1_counter_ei_inst/counter_44__i24/CK   lab1_counter_ei_inst/counter_44__i25/CK}
                                                             CLOCK PIN        0.000                  3.084  1       
                                                             Uncertainty      0.000                  3.084  
                                                             Hold time        0.000                  3.084  
----------------------------------------  -----------------  ---------------  -----  ---------------------  ------  
Required Time                                                                                       -3.084  
Arrival Time                                                                                         4.997  
----------------------------------------  -----------------  ---------------  -----  ---------------------  ------  
Path Slack  (Passed)                                                                                 1.913  



+++++++++++++++++++++++++++++++++++++++++++++++++++++++++++++++++++++ 
                    End of Detailed Report for timing paths 
+++++++++++++++++++++++++++++++++++++++++++++++++++++++++++++++++++++ 


##########################################################



